business_name,email,all_emails,website,location,country,business_type,search_query
Yoga + Fitness Studio | One Down Dog | Los Angeles,hello@onedowndog.com,hello@onedowndog.com,https://onedowndog.com,Los Angeles,USA,yoga,yoga studio Los Angeles
The 27 best yoga studios in L.A. for every type of person - Los Angeles ...,deborah.vankin@latimes.com,deborah.vankin@latimes.com; lisa.boone@latimes.com; deborah.netburn@latimes.com; jaclyn.cosgrove@latimes.com,https://www.latimes.com/lifestyle/list/best-yoga-studios-los-angeles,Los Angeles,USA,yoga,yoga studio Los Angeles
Los Angeles Yoga City Guide | Top Yoga Studios & Wellness Centers in LA,support@yogaciety.com,support@yogaciety.com; name@yoursite.com,https://www.yogaciety.com/losangeles,Los Angeles,USA,yoga,yoga studio Los Angeles
Yoga Classes in Los Angeles | Yoga by Joe K,info@yogabyjoek.com,78f7996315bc402f9dcb8a2f974b82d1@sentry.wixpress.com; info@yogabyjoek.com; 18d2f96d279149989b95faf0a4b41882@sentry-next.wixpress.com; 5d1795a2db124a268f1e1bd88f503500@sentry.wixpress.com; 79baaa8e09c746d2b7401643b99792e0@sentry.wixpress.com,https://www.yogabyjoek.com,Los Angeles,USA,yoga,yoga studio Los Angeles
Best Yoga Studios in Los Angeles | ClassPass,info@yoganoho.com,info@yoganoho.com,https://classpass.com/search/los-angeles/yoga,Los Angeles,USA,yoga,yoga studio Los Angeles
Best Yoga Studios in San Francisco: 2026 Ultimate Guide,hello@sanfransecrets.com,your@email.com; hello@sanfransecrets.com; sanfrancisco@trufusion.com; oakland@arise.yoga; sanfrancisco@arise.yoga,https://sanfransecrets.com/best-yoga-studios-in-san-francisco,San Francisco,USA,yoga,yoga studio San Francisco
The Pad Studios,info@thepadstudios.com,members@thepadstudios.com; info@thepadstudios.com,https://thepadstudios.com,San Francisco,USA,yoga,yoga studio San Francisco
HAUM Studios | Yoga & Community in San Francisco,hello@haumstudios.com,hello@haumstudios.com,https://www.haumstudios.com,San Francisco,USA,yoga,yoga studio San Francisco
San Francisco Bay Area Heated Vinyasa Yoga Studio | Love Story Yoga,hello@lovestoryyoga.com,user@domain.com; larkspur@lovestoryyoga.com; hello@lovestoryyoga.com,https://lovestoryyoga.com,San Francisco,USA,yoga,yoga studio San Francisco
San Francisco Schedule + Info — Arise Yoga,jillian@arise.yoga,jillian@arise.yoga; oakland@arise.yoga; sanfrancisco@arise.yoga; brooklyn@arise.yoga; user@domain.com,https://www.arise.yoga/sanfrancisco,San Francisco,USA,yoga,yoga studio San Francisco
Yoga in San Francisco | Purusha Yoga + Pilates Studio SF,info@purushayoga.org,info@purushayoga.org,https://purushayoga.org,San Francisco,USA,yoga,yoga studio San Francisco
the castro room | san francisco yoga,hello@castroroom.com,hello@castroroom.com; user@domain.com,https://www.castroroom.com,San Francisco,USA,yoga,yoga studio San Francisco
"YTX Yoga: Yoga Classes, Retreats, & Teacher Trainings",info@ytxaustin.com,user@domain.com; info@ytxaustin.com,https://ytxaustin.com,Austin,USA,yoga,yoga studio Austin
"7 Yoga Studios in Austin to Try | Visit Austin, TX",info@visitaustinfoundation.org,andy.roberts@milespartnership.com; listinginquiry@visitaustin.org; info@visitaustinfoundation.org; tourdesk@austintexas.org; media@austintexas.org,https://www.austintexas.org/austin-insider-blog/blog/post/5-visitor-friendly-austin-yoga-studios/,Austin,USA,yoga,yoga studio Austin
Austin Yoga Studio · 3 Locations · Sukha Yoga Austin,user@domain.com,user@domain.com; namaste@sukhayogaaustin.com,https://www.sukhayogaaustin.com,Austin,USA,yoga,yoga studio Austin
Austin Yoga Studio | Yoga Pod Austin,info@yogapodaustin.com,user@domain.com; info.austin@yogapod.com; info@yogapodaustin.com,https://www.yogapodaustin.com,Austin,USA,yoga,yoga studio Austin
Austin's Best Yoga Studio | Donation Based Yoga,peersupport@myvinyasapractice.com,peersupport@myvinyasapractice.com,https://www.myvinyasapractice.com,Austin,USA,yoga,yoga studio Austin
The Top-Rated Yoga Studios in Austin for 2026,hello@lizardyoga.com,your@email.com; hello@lizardyoga.com; info@pureyogadallas.com; desirae@breathandbodyyoga.com; info@yogaeastaustin.com,https://austinstaysweird.com/best-yoga-studios-in-austin,Austin,USA,yoga,yoga studio Austin
Practice Yoga Class Schedule,info@practiceyogaaustin.com,info@practiceyogaaustin.com,https://practiceyogaaustin.com/class-schedule/,Austin,USA,yoga,yoga studio Austin
Bodhi Yoga Studio | The Best Yoga Studio In Kendall Miami,78f7996315bc402f9dcb8a2f974b82d1@sentry.wixpress.com,78f7996315bc402f9dcb8a2f974b82d1@sentry.wixpress.com; 2062d0a4929b45348643784b5cb39c36@sentry.wixpress.com; 88170cb0c9d64f94b5821ca7fd2d55a4@sentry-next.wixpress.com; c098db2425c540d3982e073ae7fc4c9a@sentry.wixpress.com; 79baaa8e09c746d2b7401643b99792e0@sentry.wixpress.com,https://www.bodhiyogastudio.com,Miami,USA,yoga,yoga studio Miami
"AHANA Yoga Studio in Miami | Classes, Teacher Training and Retreats",info@ahanayoga.com,info@ahanayoga.com; user@domain.com,https://www.ahanayoga.com,Miami,USA,yoga,yoga studio Miami
Best Yoga Studios in Miami | ClassPass,synergysobe@gmail.com,synergysobe@gmail.com,https://classpass.com/search/miami/yoga,Miami,USA,yoga,yoga studio Miami
Maison Yoga Miami,hello@maisonyogamiami.com,hello@maisonyogamiami.com; user@domain.com,https://maisonyoga.squarespace.com,Miami,USA,yoga,yoga studio Miami
NOW Yoga | Experience Yoga Today - Join Us Now,hi@nowyogapdx.com,hi@nowyogapdx.com; user@domain.com,https://www.nowyogapdx.com,Portland Oregon,USA,yoga,yoga studio Portland Oregon
Portland Yoga Studio - Montavilla & NW | Yoga Refuge,info@yogarefuge.com,info@yogarefuge.com; user@domain.com; info@yogarefugepdx.com,https://www.yogarefugepdx.com,Portland Oregon,USA,yoga,yoga studio Portland Oregon
Yin Yoga Space | Yin Yoga Studio Portland,info@yinyogaspace.com,98b21aa53d68482b8414e892d9af0e5f@sentry-next.wixpress.com; info@yinyogaspace.com; 88170cb0c9d64f94b5821ca7fd2d55a4@sentry-next.wixpress.com; 460ff4620fa44cba8df530afde949785@sentry.wixpress.com; dd0a55ccb8124b9c9d938e3acf41f8aa@sentry.wixpress.com,https://www.yinyogaspace.com,Portland Oregon,USA,yoga,yoga studio Portland Oregon
Elk Rock Yoga,info@elkrockyoga.com,info@elkrockyoga.com; user@domain.com,https://www.elkrockyoga.com,Portland Oregon,USA,yoga,yoga studio Portland Oregon
Lighthouse Yoga PDX,studio@lighthousecommunityyoga.com,studio@lighthousecommunityyoga.com; user@domain.com,https://www.lighthouseyogapdx.com,Portland Oregon,USA,yoga,yoga studio Portland Oregon
2026 Guide to Best Yoga Studios in Seattle,info@theashramyoga.com,your@email.com; info@theashramyoga.com; aubrey@limberyoga.com; j.inslee@seattlesecrets.org; info@solaryouyoga.com,https://seattlesecrets.org/best-yoga-studios-in-seattle,Seattle,USA,yoga,yoga studio Seattle
The Grinning Yogi: Seattle,jamie@thegrinningyogi.com,jamie@thegrinningyogi.com; user@domain.com,https://thegrinningyogiseattle.com,Seattle,USA,yoga,yoga studio Seattle
"MIND.BODY.HUM — Guided Yoga & Meditation — Seattle, WA",info@mindbodyhum.com,info@mindbodyhum.com,https://www.mindbodyhum.com,Seattle,USA,yoga,yoga studio Seattle
Ritual House,info@ritualhouseseattle.com,info@ritualhouseseattle.com,https://ritualhouseseattle.com,Seattle,USA,yoga,yoga studio Seattle
SOL Yoga Seattle | Hot Yoga,hello@solyogaseattle.com,user@domain.com; hello@solyogaseattle.com,https://www.solyogaseattle.com,Seattle,USA,yoga,yoga studio Seattle
"Yoga Studios in Seattle, WA | CorePower Yoga",mediainquiries@corepoweryoga.com,mediainquiries@corepoweryoga.com; partnerships@corepoweryoga.com; corepoweryoga@azionepr.com,https://www.corepoweryoga.com/yoga-studio/all-locations/seattle,Seattle,USA,yoga,yoga studio Seattle
Forth® Studio Chicago,hello@forthstudiochicago.com,hello@forthstudiochicago.com; user@domain.com,https://www.forthstudiochicago.com,Chicago,USA,yoga,yoga studio Chicago
Bloom Yoga Studio | Yoga Classes Online and in Chicago,271e9fa3230b4eec94b02bf95780f5f2@sentry.wixpress.com,271e9fa3230b4eec94b02bf95780f5f2@sentry.wixpress.com; ed436f5053144538958ad06a5005e99a@sentry.wixpress.com; 2062d0a4929b45348643784b5cb39c36@sentry.wixpress.com; 460ff4620fa44cba8df530afde949785@sentry.wixpress.com; 79baaa8e09c746d2b7401643b99792e0@sentry.wixpress.com,https://www.bloomyogastudio.com,Chicago,USA,yoga,yoga studio Chicago
"Moksha Yoga Center, 2528 W Armitage Ave, Chicago",mokshayogachi@gmail.com,mokshayogachi@gmail.com,https://www.mokshayoga.com,Chicago,USA,yoga,yoga studio Chicago
The Space Between Yoga Studio | Chicago,hello@thespacebetweenyoga.com,hello@thespacebetweenyoga.com,https://thespacebetweenyoga.com,Chicago,USA,yoga,yoga studio Chicago
Studio Yogi,info@studioyogi.com,user@domain.com; info@studioyogi.com,https://www.studioyogi.com,Chicago,USA,yoga,yoga studio Chicago
THE YOGA SEED | Yoga in Chicago,info@theyogaseed.com,user@domain.com; info@theyogaseed.com,https://www.theyogaseed.com,Chicago,USA,yoga,yoga studio Chicago
South Loop Chicago Yoga Studio | Half Moon Yoga,hello@halfmoonchicago.com,user@domain.com; hello@halfmoonchicago.com,https://www.halfmoonchicago.com,Chicago,USA,yoga,yoga studio Chicago
The Best Yoga Studios in San Diego [Updated 2026],info@modoyogasandiego.com,your@email.com; info@modoyogasandiego.com; rex@unionyogasd.com; info@pilgrimageyoga.com; trainings@pilgrimageyoga.com,https://sayheysandiego.com/best-yoga-studios-in-san-diego,San Diego,USA,yoga,yoga studio San Diego
Yoga Studio | San Diego Yoga Center | United States,2062d0a4929b45348643784b5cb39c36@sentry.wixpress.com,2062d0a4929b45348643784b5cb39c36@sentry.wixpress.com; 88170cb0c9d64f94b5821ca7fd2d55a4@sentry-next.wixpress.com; 8c30b2581acc426badc414e8a5dc04ef@sentry.wixpress.com; dd0a55ccb8124b9c9d938e3acf41f8aa@sentry.wixpress.com; charlene@sdyogacenter.com,https://www.sdyogacenter.com,San Diego,USA,yoga,yoga studio San Diego
Mindful Yoga Practice - The Little Yoga Studio,ems@littleyoga.studio,ems@littleyoga.studio,https://littleyoga.studio,San Diego,USA,yoga,yoga studio San Diego
Union Yoga SD | San Diego based yoga studio,info@unionyogasd.com,user@domain.com; rex@uninyogasd.com; info@unionyogasd.com; rex@unionyogasd.com,https://www.unionsd.yoga,San Diego,USA,yoga,yoga studio San Diego
"California Yoga Retreats on the Central Coast. Yoga, Hiking, Wellness ...",info@sagradawellness.com,user@domain.com; info@sagradawellness.com,https://www.sagradawellness.com,California,USA,yoga,yoga retreat California
10 BEST Yoga Retreats in California - The Broke Backpacker,hello@thebrokebackpacker.com,press@thebrokebackpacker.com; correctionshello@thebrokebackpacker.com; partnerships@thebrokebackpacker.com; hello@thebrokebackpacker.com,https://www.thebrokebackpacker.com/yoga-retreats-in-california-usa/,California,USA,yoga,yoga retreat California
"All-Inclusive Wellness Retreat in Laguna Beach, California",info@thepearllaguna.com,info@thepearllaguna.com; booking@thepearllaguna.com,https://www.thepearllaguna.com,California,USA,yoga,yoga retreat California
Mount Madonna | Holding Space for Personal Transformation,reception@mountmadonna.org,reception@mountmadonna.org,https://mountmadonna.org,California,USA,yoga,yoga retreat California
Esalen Institute | A Leading Center for Exploring Human Potential,info@esalen.org,info@esalen.org,https://www.esalen.org,California,USA,yoga,yoga retreat California
Haleiwa Surf and Yoga Camp,haleiwasurfyoga@gmail.com,haleiwasurfyoga@gmail.com; user@domain.com,https://www.haleiwasurfyoga.com,Hawaii,USA,yoga,yoga retreat Hawaii
KMEC,info@kmechawaii.org,info@kmechawaii.org; user@domain.com,https://kmechawaii.org,Hawaii,USA,yoga,yoga retreat Hawaii
7 Yoga Retreats and Wellness Experiences in Hawaii,aloha@hawaii-guide.com,aloha@hawaii-guide.com,https://www.hawaii-guide.com/blog/hawaii-yoga-retreats-wellness-experiences,Hawaii,USA,yoga,yoga retreat Hawaii
"Hawaii Yoga, Meditation, Surf Retreat — Mary Susan Stults",floatandflowllc@gmail.com,floatandflowllc@gmail.com; user@domain.com; loatandflowllc@gmail.com,https://www.marysusanstults.com/hawaii-yoga-meditation-surf-adventure-retreat,Hawaii,USA,yoga,yoga retreat Hawaii
HOME | Dolphin Yoga Retreat,605a7baede844d278b89dc95ae0a9123@sentry-next.wixpress.com,605a7baede844d278b89dc95ae0a9123@sentry-next.wixpress.com; 88170cb0c9d64f94b5821ca7fd2d55a4@sentry-next.wixpress.com; 8eb368c655b84e029ed79ad7a5c1718e@sentry.wixpress.com,https://www.dolphinyogaretreat.com,Hawaii,USA,yoga,yoga retreat Hawaii
5 of the Best Yoga Retreats in Colorado - Travelmag,markus@travelmag.com,markus@travelmag.com,https://www.travelmag.com/yoga-retreats-in-colorado/,Colorado,USA,yoga,yoga retreat Colorado
Meditation Retreats and Mountain Retreats | Drala Mountain Center,frontdesk@dralamountain.org,frontdesk@dralamountain.org,https://www.dralamountain.org,Colorado,USA,yoga,yoga retreat Colorado
Down Under School of Yoga | Boston's Best Yoga,info@downunderyoga.com,user@domain.com; info@downunderyoga.com,https://downunderyoga.com,Boston,USA,yoga,yoga studio Boston
Boston Yoga Union | Yoga Studios in Back Bay & Coolidge Corner,hello@backbayyogaunion.com,events@bostonyogaunion.com; user@domain.com; help@bostonyogaunion.com; hello@backbayyogaunion.com,https://bostonyogaunion.com,Boston,USA,yoga,yoga studio Boston
Boston Yoga Studio and Classes | Soma Yoga Center,hello@somayogacenter.com,hello@somayogacenter.com; user@domain.com,https://www.somayogacenter.com,Boston,USA,yoga,yoga studio Boston
Urban Yoga Phx |,info@urbanyogaphx.com,ytt@urbanyogaphx.com; info@urbanyogaphx.com,https://urbanyogaphx.com,Phoenix,USA,yoga,yoga studio Phoenix
Phoenix's Best Yoga Studios [Updated 2026],hello@elevateyogaaz.com,your@email.com; hello@elevateyogaaz.com; lifestyle@sutrastudios.com; tracy@traceyourlife.info; hello@phoenixwanderer.com,https://phoenixwanderer.com/best-yoga-studios-in-phoenix,Phoenix,USA,yoga,yoga studio Phoenix
"Yoga studio in Phoenix | Ashtanga, Flow & Yin | Ekam Yoga Studio",contact@ekamyoga-phoenix.com,contact@ekamyoga-phoenix.com,https://ekamyoga-phoenix.com,Phoenix,USA,yoga,yoga studio Phoenix
Buddha Bella | Infrared Hot Yoga Studio in Phoenix,hello@buddha-bella.com,hello@buddha-bella.com; 271e9fa3230b4eec94b02bf95780f5f2@sentry.wixpress.com; ed436f5053144538958ad06a5005e99a@sentry.wixpress.com; 2062d0a4929b45348643784b5cb39c36@sentry.wixpress.com; 88170cb0c9d64f94b5821ca7fd2d55a4@sentry-next.wixpress.com,https://www.buddha-bella.com,Phoenix,USA,yoga,yoga studio Phoenix
"Community Yoga Phoenix · Yoga Studio · Phoenix, AZ",evonkhart@gmail.com,evonkhart@gmail.com; user@domain.com,https://communityyogaphoenix.com,Phoenix,USA,yoga,yoga studio Phoenix
"5 Best Yoga Studios to Attend Near Phoenix, AZ - UrbanMatter",info@urbanmatter.com,info@urbanmatter.com,https://urbanmatter.com/phoenix/best-yoga-studios-near-phoenix/,Phoenix,USA,yoga,yoga studio Phoenix
Yoga Sanctuary Minneapolis,info@yogasanctuarympls.com,user@domain.com; info@yogasanctuarympls.com,https://www.yogasanctuarympls.com,Minneapolis,USA,yoga,yoga studio Minneapolis
Best Minneapolis Hot Yoga Studio | Up Yoga - South Minneapolis Yoga Classes,info@upyogamn.com,user@domain.com; info@upyogamn.com,https://www.upyogamn.com,Minneapolis,USA,yoga,yoga studio Minneapolis
Yoga Class Schedule | The Yoga Room | Minneapolis,info@northsidecenter.net,18d2f96d279149989b95faf0a4b41882@sentry-next.wixpress.com; 88170cb0c9d64f94b5821ca7fd2d55a4@sentry-next.wixpress.com; 8c30b2581acc426badc414e8a5dc04ef@sentry.wixpress.com; fb7021d5d7ff41d9bf308f676c058fb5@sentry.wixpress.com; 5d1795a2db124a268f1e1bd88f503500@sentry.wixpress.com,https://www.theyogaroommpls.com/book-online,Minneapolis,USA,yoga,yoga studio Minneapolis
Carpe Diem Studio | Enhance Wellbeing Today - Book Now,info@carpediemyogastudio.com,info@carpediemyogastudio.com; user@domain.com,https://carpediemstudiomn.com,Minneapolis,USA,yoga,yoga studio Minneapolis
ARTHA Yoga & Wellness Sanctuary,88170cb0c9d64f94b5821ca7fd2d55a4@sentry-next.wixpress.com,88170cb0c9d64f94b5821ca7fd2d55a4@sentry-next.wixpress.com; membership@artha.la; westedge@artha.la; 79baaa8e09c746d2b7401643b99792e0@sentry.wixpress.com; dd0a55ccb8124b9c9d938e3acf41f8aa@sentry.wixpress.com,https://www.artha.la,Los Angeles,USA,yoga,hot yoga studio Los Angeles
Locations - Hot 8 Yoga,info@hot8yoga.com,info@hot8yoga.com,https://www.hot8yoga.com/locations,Los Angeles,USA,yoga,hot yoga studio Los Angeles
"The Humbled Body | Yoga | 1450 East 6th Street, Los Angeles, CA, USA",info@thehumbledbody.com,271e9fa3230b4eec94b02bf95780f5f2@sentry.wixpress.com; ed436f5053144538958ad06a5005e99a@sentry.wixpress.com; 18d2f96d279149989b95faf0a4b41882@sentry-next.wixpress.com; 2062d0a4929b45348643784b5cb39c36@sentry.wixpress.com; info@thehumbledbody.com,https://www.thehumbledbody.com,Los Angeles,USA,yoga,hot yoga studio Los Angeles
Home [www.satorii.com],satorii@satorii.com,satorii@satorii.com,https://www.satorii.com,Los Angeles,USA,yoga,hot yoga studio Los Angeles
Los Angeles Infrared Heated Yoga Studios | Hot Yoga Classes | Sweat Yoga,info@sweatyoga.com,info@sweatyoga.com; whfd@sweat-yoga.com; smfd@sweat-yoga.com; pvfd@sweat-yoga.com; user@domain.com,https://www.sweat-yoga.com,Los Angeles,USA,yoga,hot yoga studio Los Angeles
Heatwise Studio: Hot Yoga Feels Good | Yoga in New York,info@heatwise-studio.com,your@email.com; info@heatwise-studio.com,https://www.heatwise-studio.com,New York,USA,yoga,hot yoga studio New York
New York Yoga HOT,class@newyorkyoga.com,class@newyorkyoga.com,https://www.newyorkyoga.com/index.php?content=hot,New York,USA,yoga,hot yoga studio New York
bodē nyc - New York's Original Hot Yoga,press@bodenyc.com,press@bodenyc.com,https://bodenyc.com,New York,USA,yoga,hot yoga studio New York
The Hot Studio NYC: Your Premier Hot Yoga Destination in Manhattan,server@hotfitness.net,server@hotfitness.net,https://hotfitness.net/fitness-near-me/the-hot-studio-nyc/,New York,USA,yoga,hot yoga studio New York
Sui Yoga : Hot Yoga Studio & Organic Coffeeshop in New York City,hello@suiyoga.com,hello@suiyoga.com,https://suiyoga.com/about-sui-yoga/,New York,USA,yoga,hot yoga studio New York
Hot Yoga & Pilates in New York | Hot Vessel Studio,info@hotvessel.com,rikirosenthal@gmail.com; info@hotvessel.com,https://www.hotvessel.com,New York,USA,yoga,hot yoga studio New York
"Hot Yoga Classes, Sessions & Studio Workshops, Certified Yoga ...",info@idhotyoga.com,271e9fa3230b4eec94b02bf95780f5f2@sentry.wixpress.com; example@mysite.com; ed436f5053144538958ad06a5005e99a@sentry.wixpress.com; 18d2f96d279149989b95faf0a4b41882@sentry-next.wixpress.com; 2062d0a4929b45348643784b5cb39c36@sentry.wixpress.com,https://www.idhotyoga.com,New York,USA,yoga,hot yoga studio New York
The Hottest Spots to Recharge Your Body in Los Angeles,studios@latimes.com,studios@latimes.com; flavio.gomez@latimes.com,https://www.latimes.com/fitness/recovery/story/best-recovery-wellness-spots-los-angeles,Los Angeles,USA,wellness,wellness center Los Angeles
Luxury Aftercare & Recovery Services in Los Angeles | Pearl Wellness Center,info@pearlwellness.center.com,example@mysite.com; 18d2f96d279149989b95faf0a4b41882@sentry-next.wixpress.com; 2062d0a4929b45348643784b5cb39c36@sentry.wixpress.com; info@pearlwellness.center.com; 5d1795a2db124a268f1e1bd88f503500@sentry.wixpress.com,https://www.pearlwellnesscenter.com,Los Angeles,USA,wellness,wellness center Los Angeles
Community Well - Community Well,communitywellsf@gmail.com,communitywellsf@gmail.com; user@domain.com,https://www.communitywellsf.com,San Francisco,USA,wellness,wellness center San Francisco
Cal-a-Vie Health Spa | Official Site | Official Website,cavinfo@cal-a-vie.com,cavinfo@cal-a-vie.com,https://www.cal-a-vie.com,California,USA,wellness,wellness retreat California
"Top 38 Wellness Retreats In California, USA - Trip101",info@trip101.com,partners@trip101.com; info@trip101.com,https://trip101.com/article/wellness-retreats-in-california,California,USA,wellness,wellness retreat California
Golden Door - Experience the Luxury,reservations@goldendoor.com,reservations@goldendoor.com; bg_module_boutique@2x-400x560.png; bg_module_countrystore@2x-400x560.png; frontdeskdistro@goldendoor.com; bg_module_painempowerment@2x-400x560.png,https://goldendoor.com,California,USA,wellness,wellness retreat California
"Home | Hawaii Wellness Retreat |. Big Island, Hawaii | Retreat Space",info@hawaiiwellnessretreats.com,info@hawaiiwellnessretreats.com,https://www.hawaiiwellnessretreats.com,Hawaii,USA,wellness,wellness retreat Hawaii
11 Best Wellness Retreats & Resorts In Hawaii - Retreat Pundit,retreatpunditweb@gmail.com,retreatpunditweb@gmail.com,https://retreatpundit.com/wellness-retreats-in-hawaii/,Hawaii,USA,wellness,wellness retreat Hawaii
HOME - Hawaii Wellness Retreat & Eco Boutique Hotel - Hawaii Island Retreat,info@hawaiiislandretreat.com,info@hawaiiislandretreat.com,https://hawaiiislandretreat.com/home,Hawaii,USA,wellness,wellness retreat Hawaii
Maui Healing Retreat,info@mauihealingretreat.com,user@domain.com; info@mauihealingretreat.com,https://www.mauihealingretreat.com,Hawaii,USA,wellness,wellness retreat Hawaii
"Hawaii Wellness Resort - Sensei Lānaʻi, A Four Seasons Resort",info@sensei.com,reservations@sensei.com; senseiatzadun@ritzcarlton.com; porcupinecreek@sensei.com; info@sensei.com,https://sensei.com/retreats/lanai/,Hawaii,USA,wellness,wellness retreat Hawaii
Miami's Premier Destination for Wellness & Rejuvenation - Centner Wellness,serenergysmartketing@gmail.com,serenergysmartketing@gmail.com,https://centnerwellness.com,Miami,USA,wellness,wellness center Miami
MIAMI WELLNESS - Pain Management Miami | 5 Locations,frontdesk@miamiwellness.com,frontdesk@miamiwellness.com,https://miamiwellness.com,Miami,USA,wellness,wellness center Miami
Home | Mint Wellness Center,info@mintwellness.center,info@mintwellness.center,https://www.mintwellness.center,Miami,USA,wellness,wellness center Miami
"Health & Wellness Center, Pain Management Doctors South Florida | SWCA",messages@spinewellnessamerica.com,messages@spinewellnessamerica.com,https://spinewellnessamerica.com,Miami,USA,wellness,wellness center Miami
"The Center Origin | Denver Wellness Center | 1440 Blake Street, Denver ...",98b21aa53d68482b8414e892d9af0e5f@sentry-next.wixpress.com,98b21aa53d68482b8414e892d9af0e5f@sentry-next.wixpress.com; 271e9fa3230b4eec94b02bf95780f5f2@sentry.wixpress.com; ed436f5053144538958ad06a5005e99a@sentry.wixpress.com; 2062d0a4929b45348643784b5cb39c36@sentry.wixpress.com; 463991d7bca24f02a0baf16f9e6eda73@sentry.wixpress.com,https://www.thecenterorigin.com,Denver,USA,wellness,holistic wellness center Denver
Holistic Wellness in Denver: 10 Transformative Places for Newcomers ...,artboard-1-copy-11@2x.png,artboard-1-copy-11@2x.png,https://denverrelocationguide.com/holistic-wellness-in-denver/,Denver,USA,wellness,holistic wellness center Denver
"BALANCE - Holistic Wellness Center in Denver, CO",innerpeacecounselingllc@gmail.com,innerpeacecounselingllc@gmail.com; sender@omniasystems.net; support@denverwebsitedesigns.com,https://www.balancehwc.com,Denver,USA,wellness,holistic wellness center Denver
RESONARAH | Denver's Holistic Wellness Center,info@resonarah.com,info@resonarah.com; info@resonantwellnest.com,https://resonarah.com,Denver,USA,wellness,holistic wellness center Denver
Natural Health & Wellness Denver - Holistic Healing,info@nhwdenver.com,info@nhwdenver.com,https://nhwdenver.com,Denver,USA,wellness,holistic wellness center Denver
"North Portland Wellness Center: Holistic Injury Recovery, Pain Relief ...",npwc@northportlandwellness.com,npwc@northportlandwellness.com,https://www.northportlandwellness.com,Portland,USA,wellness,wellness center Portland
Common Ground Wellness Cooperative | Portland Wellness,frontdesk@cgwc.org,frontdesk@cgwc.org; user@domain.com,https://www.cgwc.org,Portland,USA,wellness,wellness center Portland
Portland Wellness Care | Injury Rehab & Therapy Clinic,contact@portlandwellnesscare.com,contact@portlandwellnesscare.com,https://portlandwellnesscare.com,Portland,USA,wellness,wellness center Portland
West Coast Wellness || Wellness Center in Portland,info@westcoastwell.com,info@westcoastwell.com; 271e9fa3230b4eec94b02bf95780f5f2@sentry.wixpress.com; ed436f5053144538958ad06a5005e99a@sentry.wixpress.com; 460ff4620fa44cba8df530afde949785@sentry.wixpress.com; 79baaa8e09c746d2b7401643b99792e0@sentry.wixpress.com,https://www.westcoastwell.com,Portland,USA,wellness,wellness center Portland
Corbett Hill Wellness Center,frontdesk@corbetthill.com,frontdesk@corbetthill.com,https://corbetthill.com,Portland,USA,wellness,wellness center Portland
"Wellness Center in Chicago, IL | The Well Longevity Health",jwhite@gotothewellhealth.com,jwhite@gotothewellhealth.com,https://gotothewellhealth.com,Chicago,USA,wellness,wellness center Chicago
Home - PCC Community Wellness Center,info@pccwellness.org,info@pccwellness.org,https://www.pccwellness.org,Chicago,USA,wellness,wellness center Chicago
BIÂN: A Private Club,bian@livebian.com,bian@livebian.com; user@domain.com; membership@livebian.com,https://livebian.com,Chicago,USA,wellness,wellness center Chicago
Soluna Wellness Center,info@solunawellnesschicago.org,info@solunawellnesschicago.org; user@domain.com; info@solunawellness.com,https://www.solunawellnesschicago.org,Chicago,USA,wellness,wellness center Chicago
Wellness Home,front-desk@wellnesshome.org,front-desk@wellnesshome.org,https://wellnesshome.org,Chicago,USA,wellness,wellness center Chicago
Home - Humboldt Park Health Wellness Center,infowellness@hph.care,infowellness@hph.care,https://hphwellness.care,Chicago,USA,wellness,wellness center Chicago
Home - Wellness House,info@wellnesshouse.org,trazo@wellnesshouse.org; informacion@wellnesshouse.org; info@wellnesshouse.org; kmitchell@wellnesshouse.org; information@wellnesshouse.org,https://wellnesshouse.org,Chicago,USA,wellness,wellness center Chicago
"Eastend Wellness Club - Finnish Sauna, Cold Plunge, & Longevity ...",hello@practiceeastend.com,hello@practiceeastend.com,https://practiceeastend.com,Chicago,USA,wellness,wellness center Chicago
Holistic Therapy in Chicago | Embodied Wellness Center,stephanier@embodiedwellnesscenter.com,stephanier@embodiedwellnesscenter.com,https://embodiedwellnesscenter.com,Chicago,USA,wellness,wellness center Chicago
Sound Healing in Los Angeles - Submission Sound Healing,agustinamingote@gmail.com,agustinamingote@gmail.com; amkryukov@gmail.com; shaktigongster@gmail.com,https://submissionsoundhealing.com,Los Angeles,USA,wellness,sound healing Los Angeles
Best Sound Healing in Los Angeles | Radiant Reiki Sound Baths,radiantreikisoundbaths@gmail.com,radiantreikisoundbaths@gmail.com,https://radiantreikisoundbaths.com/sound-healing-los-angeles/,Los Angeles,USA,wellness,sound healing Los Angeles
Sound Bath in Los Angeles!,mymail@mailservice.com,mymail@mailservice.com,https://www.solandsound.com,Los Angeles,USA,wellness,sound healing Los Angeles
Sound Healing Therapy Services | Kollectiv NYC,info@kollectivnyc.com,info@kollectivnyc.com,https://kollectivnyc.com/sound-healing/,New York,USA,wellness,sound healing New York
Homepage - OHM Center,info@ohmcenter.com,info@ohmcenter.com,https://ohmcenter.com,New York,USA,wellness,sound healing New York
Sound Bath & Other Spiritual Healing Offerings | The Ceremony | New York,baf30a2b91654c5a840931f0137bed30@sentry.wixpress.com,baf30a2b91654c5a840931f0137bed30@sentry.wixpress.com; 271e9fa3230b4eec94b02bf95780f5f2@sentry.wixpress.com; ed436f5053144538958ad06a5005e99a@sentry.wixpress.com; 2062d0a4929b45348643784b5cb39c36@sentry.wixpress.com; 88170cb0c9d64f94b5821ca7fd2d55a4@sentry-next.wixpress.com,https://www.itstheceremony.com,New York,USA,wellness,sound healing New York
"Best Sound Healing in New York, NY (2026) - liquidbreathwork.com",inhale@liquidbreathwork.com,inhale@liquidbreathwork.com,https://www.liquidbreathwork.com/sound-healing-near-me/best/new-york-ny,New York,USA,wellness,sound healing New York
Breathwork in Los Angeles | Private 1:1 Sessions with Elizabeth,elizabeth@spokenla.com,elizabeth@spokenla.com,https://spokenla.com/breathwork-los-angeles/,Los Angeles,USA,breathwork,breathwork facilitator Los Angeles
"Breath/Work | Breath/Work - Breathwork for Clarity, Release ...",angelica@breath-workla.com,angelica@breath-workla.com; user@domain.com,https://www.breath-workla.com,Los Angeles,USA,breathwork,breathwork facilitator Los Angeles
"Discover Breathwork Events & Activities in Los Angeles, CA - Eventbrite",b3bf521ead2a4534809e4b294dda0b39@o375540.ingest.sentry.io,b3bf521ead2a4534809e4b294dda0b39@o375540.ingest.sentry.io,https://www.eventbrite.com/d/ca--los-angeles/breathwork/,Los Angeles,USA,breathwork,breathwork facilitator Los Angeles
Where To Try Breathwork in Los Angeles: Our Picks - Heart,flags@2x.webp,flags@2x.webp; globe@2x.webp,https://www.headplusheart.com/breathwork-la/,Los Angeles,USA,breathwork,breathwork facilitator Los Angeles
Breathwork & Drum Circle Facilitator San Francisco | Daniel Hirtz,daniel@danielhirtz.com,daniel@danielhirtz.com; u003edaniel@danielhirtz.com,https://danielhirtz.com,San Francisco,USA,breathwork,breathwork facilitator San Francisco
Breathwork Professionals in San Francisco | Breathing Space,breathe@makesomebreathingspace.com,breathe@makesomebreathingspace.com; name@yoursite.com,https://members.makesomebreathingspace.com/san-francisco,San Francisco,USA,breathwork,breathwork facilitator San Francisco
Breathwork Training | Healing Breathwork & Therapy Near You,u003eyogasocietysf@gmail.com,u003eyogasocietysf@gmail.com; u003eyssfyoga@gmail.com; brikshalal@yahoo.com; yssfyoga@gmail.com; yogasocietysf@gmail.com,https://www.yogasocietysanfrancisco.com/breathwork/,San Francisco,USA,breathwork,breathwork facilitator San Francisco
Vedanta Spiritual & Holistic Retreats in California,info@yogaforhealth.institute,info@yogaforhealth.institute; info@vshr.org,https://vshr.org,California,USA,breathwork,breathwork retreat California
"Healing Retreat Center in the Redwoods of Mendocino, CA",support@spirit.camp,support@spirit.camp; user@domain.com,https://www.spirit.camp,California,USA,breathwork,breathwork retreat California
willfly,contact@willfly.co,user@domain.com; contact@willfly.co,https://www.willfly.co,Miami,USA,breathwork,breathwork facilitator Miami
Dimensional Breathwork in Miami - Breathe Your Way Home,kanan@breatheyourwayhome.com,kanan@breatheyourwayhome.com,https://breatheyourwayhome.com,Miami,USA,breathwork,breathwork facilitator Miami
"Miami Breathwork, Meditation, Spiritual",info@lovediscovery.org,info@lovediscovery.org; 271e9fa3230b4eec94b02bf95780f5f2@sentry.wixpress.com; ed436f5053144538958ad06a5005e99a@sentry.wixpress.com; 2062d0a4929b45348643784b5cb39c36@sentry.wixpress.com; 1eeb89147c984dc6bc3ffafd9e6cd089@sentry.wixpress.com,https://maxrivadeneira.wixsite.com/carolinapataky/breathworksession,Miami,USA,breathwork,breathwork facilitator Miami
Portland — Breathwork for Recovery: Training and Certifications,info@breathworkforrecovery.com,user@domain.com; info@breathworkforrecovery.com,https://www.breathworkforrecovery.com/portland,Portland,USA,breathwork,breathwork facilitator Portland
"Hart D. - Internal Family Systems, Breathwork, EFT Tapping & Kambo ...",info@portlandhealingspace.com,user@domain.com; info@portlandhealingspace.com,https://www.portlandhealingspace.com/hart-d,Portland,USA,breathwork,breathwork facilitator Portland
"Luxury Event Planner Los Angeles | Weddings, Corporate Events & Private ...",info@dreamypartiesla.com,info@dreamypartiesla.com; you@dreamy.com,https://dreamypartiesla.com,Los Angeles,USA,events,event planner Los Angeles
Event Planner in Los Angeles | à la Modon Events,info@alamodonevents.com,info@alamodonevents.com,https://alamodonevents.com/event-planner-los-angeles,Los Angeles,USA,events,event planner Los Angeles
3 Little Birds - Los Angeles Event and Wedding Planner,3-little-birds-logo-black_250x@2x.png,3-little-birds-logo-black_250x@2x.png,https://3littlebirdseventplanning.com,Los Angeles,USA,events,event planner Los Angeles
Top Event Planning Companies Los Angeles | Zynger,info@zynger.com,info@zynger.com,https://zynger.com,Los Angeles,USA,events,event planner Los Angeles
Weddings and Events Planner in Los Angeles and Beverly Hills - Dreams ...,info@dreamsindetail.com,info@dreamsindetail.com; nicole@dreamsindetail.com,https://www.dreamsindetail.com,Los Angeles,USA,events,event planner Los Angeles
Event Planning | New York | ShimmerNYC,8eb368c655b84e029ed79ad7a5c1718e@sentry.wixpress.com,8eb368c655b84e029ed79ad7a5c1718e@sentry.wixpress.com; 18d2f96d279149989b95faf0a4b41882@sentry-next.wixpress.com; 2062d0a4929b45348643784b5cb39c36@sentry.wixpress.com; 5d1795a2db124a268f1e1bd88f503500@sentry.wixpress.com; nancy@shimmernyc.com,https://www.shimmernyc.com,New York,USA,events,event planner New York
20 Best NYC Event Planners: Top New York Event Companies,info@emrgmedia.com,info@emrgmedia.com,https://www.emrgmedia.com/best-nyc-event-planners-companies-top-20/,New York,USA,events,event planner New York
Top 20 Event Planners In New York City - PartySlate,contact@partyslate.com,membership@partyslate.com; jobs@partyslate.com; support@partyslate.com; contact@partyslate.com,https://www.partyslate.com/find-vendors/event-planner/area/new-york-city,New York,USA,events,event planner New York
Mount Madonna | Holding Space for Personal Transformation,info@mountmadonna.org,info@mountmadonna.org; marketing@mountmadonna.org; development@mountmadonna.org; temple@mountmadonna.org; guestservices@mountmadonna.org,https://mountmadonna.org,California,USA,events,retreat center California
The Oaks - A Southern California Retreat Center,info@oakscenter.com,user@domain.com; info@oakscenter.com,https://www.oakscenter.com,California,USA,events,retreat center California
Home - MJ Retreat Center,info@maryjoseph.org,info@maryjoseph.org; connections@maryjoseph.org; sjongbloed@maryjoseph.org; pcraig@maryjoseph.org; jsalas@maryjoseph.org,https://maryjoseph.org,California,USA,events,retreat center California
"The Bishop's Ranch | Retreat and Conference Center | Healdsburg, CA",info@bishopsranch.org,98b21aa53d68482b8414e892d9af0e5f@sentry-next.wixpress.com; 271e9fa3230b4eec94b02bf95780f5f2@sentry.wixpress.com; ed436f5053144538958ad06a5005e99a@sentry.wixpress.com; 2062d0a4929b45348643784b5cb39c36@sentry.wixpress.com; 88170cb0c9d64f94b5821ca7fd2d55a4@sentry-next.wixpress.com,https://www.bishopsranch.org,California,USA,events,retreat center California
"Mater Dolorosa Passionist Retreat Center - Sierra Madre, CA",materdolorosa@materdolorosa.org,materdolorosa@materdolorosa.org,https://materdolorosa.org,California,USA,events,retreat center California
Home - Villa Maria Del Mar,shell1@2x-980x735.png,shell1@2x-980x735.png; shell1@2x.png; shell1@2x-480x360.png,https://villamariadelmar.org,California,USA,events,retreat center California
Ecstatic Dance La,tickets@ecstaticdancela.com,tickets@ecstaticdancela.com; edancela_@ericallenphoto022.jpg; edancela_@ericallenphoto054.jpg; edancela_@ericallenphoto001.jpg; user@domain.com,https://www.ecstaticdancela.com,Los Angeles,USA,events,ecstatic dance Los Angeles
"Ecstatic dance Events and Things to do in Los Angeles, CA",sales@eventbrite.com,sales@eventbrite.com; ebhelp@eventbrite.com; press@eventbrite.com; installments@eventbrite.com; charity@eventbrite.com,https://www.eventbrite.com/d/ca--los-angeles/ecstatic-dance/,Los Angeles,USA,events,ecstatic dance Los Angeles
Friday Night FUNk Conscious Dance Los Angeles,fnfdancela@gmail.com,fnfdancela@gmail.com; 605a7baede844d278b89dc95ae0a9123@sentry-next.wixpress.com,https://www.liquidsoulecstaticdance.com,Los Angeles,USA,events,ecstatic dance Los Angeles
"Ecstatic Dance SF: Your Vibrant Dance Hall Destination in San Francisco, CA",server@theamericandanceacademy.com,server@theamericandanceacademy.com,https://theamericandanceacademy.com/dance-hall/ecstatic-dance-sf,San Francisco,USA,events,ecstatic dance San Francisco
"Ecstatic Dance SF: A Safe, Community-Focused Dance Hall",server@creativeedgedancestudio.com,server@creativeedgedancestudio.com,https://creativeedgedancestudio.com/dance-classes-near-me/ecstatic-dance-sf,San Francisco,USA,events,ecstatic dance San Francisco
Ecstatic Dance San Francisco Sundays - dolphindancing.com,ecstaticsf@gmail.com,ecstaticsf@gmail.com,https://www.dolphindancing.com/ecstatic-dance-mission,San Francisco,USA,events,ecstatic dance San Francisco
Austin's Most Active Ecstatic Dance,austinecstaticrhythms@gmail.com,austinecstaticrhythms@gmail.com,https://austinecstaticrhythms.com,Austin,USA,events,ecstatic dance Austin
ATX Dance Community - Express and Connect through Ecstatic Dance in ...,atxdancecommunity@simplelists.com,atxdancecommunity@simplelists.com,https://atxdancecommunity.com,Austin,USA,events,ecstatic dance Austin
Ecstatic Dance Austin | Movement Meditation in Austin TX - Spiritmaps,your@email.com,your@email.com,https://spiritmaps.com/organizers/ecstatic-dance-austin,Austin,USA,events,ecstatic dance Austin
Home - PDX Ecstatic Dance,wyldleedance@gmail.com,wyldleedance@gmail.com; soulrevivaldance@gmail.com; caitlin.nextsteps@gmail.com,https://www.dancepdx.com,Portland,USA,events,ecstatic dance Portland
Ecstatic Dance Portland,sovereignproductionsportland@gmail.com,sovereignproductionsportland@gmail.com,https://ecstaticdance.org/dance/ecstatic-dance-portland/,Portland,USA,events,ecstatic dance Portland
ECSTATIC DANCE PORTLAND : MR. WU — The Den PDX,hello@thedenpdx.com,hello@thedenpdx.com; user@domain.com,https://www.thedenpdx.com/events/ecstatic0730-8sjr9-grlsk-blhxj-wyt67-4345n-gjysn-fke5p-4jgp8-7tr6l-7he4n-8apf4-r2dl4-p7465-rt5bz-tet6w-kff52-pye24-jw5tr-b5fac-pdcg8-77kl7-ysmhk-8c6ct-jpez8-p4wa8,Portland,USA,events,ecstatic dance Portland
Ecstatic Dance Portland - Portland - May 19 | Edmtrain,hello@edmtrain.com,hello@edmtrain.com,https://edmtrain.com/portland-or/ecstatic-dance-portland-501670,Portland,USA,events,ecstatic dance Portland
Denver Ecstatic Dance,sirilou2@gmail.com,sirilou2@gmail.com,https://ecstaticdance.org/dance/denver-ecstatic-dance/,Denver,USA,events,ecstatic dance Denver
Denver Ecstatic Dance - Sakala Community,18d2f96d279149989b95faf0a4b41882@sentry-next.wixpress.com,18d2f96d279149989b95faf0a4b41882@sentry-next.wixpress.com; 88170cb0c9d64f94b5821ca7fd2d55a4@sentry-next.wixpress.com; 8c30b2581acc426badc414e8a5dc04ef@sentry.wixpress.com; 5d1795a2db124a268f1e1bd88f503500@sentry.wixpress.com; dd0a55ccb8124b9c9d938e3acf41f8aa@sentry.wixpress.com,https://www.sakalacommunity.com/event-details/denver-ecstatic-dance,Denver,USA,events,ecstatic dance Denver
New York City's Top 24 Wedding Planners,info@ultimateusaweddings.com,marina@marinalurievents.com; info@ultimateusaweddings.com; bianca@biancab.com; hello@jovemeyerevents.com; joann.elegantoccasions@gmail.com,https://www.weddingrule.com/wedding-planners/new-york/new-york-city/,New York,USA,events,wedding planner New York
Luxury Wedding Planner NYC | Alinato Events,info@alinato.com,info@alinato.com,https://www.alinato.com,New York,USA,events,wedding planner New York
New York Wedding - Chancey Charm Weddings,info@chanceycharmweddings.com,info@chanceycharmweddings.com,https://www.chanceycharmweddings.com/new-york/,New York,USA,events,wedding planner New York
Yoga Studios in Singapore | Jal Yoga,woodlands@jalyoga.com.sg,woodlands@jalyoga.com.sg; kovan@jalyoga.com.sg; ubt@jalyoga.com.sg; alexandra@jalyoga.com.sg; katong@jalyoga.com.sg,https://www.jalyoga.com.sg/our-studios/,Singapore,SINGAPORE,yoga,yoga studio Singapore
Yoga Classes in Singapore for Beginners & More | Yoga Sadhana - Yoga ...,yogasadhana.sg@gmail.com,yogasadhana.sg@gmail.com,https://yogasadhana.sg,Singapore,SINGAPORE,yoga,yoga studio Singapore
16 Best Yoga Classes in Singapore [2026 ],tsupport@bestinsingapore.co,tsupport@bestinsingapore.co,https://www.bestinsingapore.co/best-yoga-classes-singapore/,Singapore,SINGAPORE,yoga,yoga studio Singapore
5 Best Yoga Studios in Singapore - TheBestSingapore.com,hello@thebestsingapore.com,hello@thebestsingapore.com,https://www.thebestsingapore.com/best-yoga-studios-in-singapore/,Singapore,SINGAPORE,yoga,yoga studio Singapore
Freedom Yoga Singapore | Affordable Yoga for Everyone,hello@freedomyoga.sg,hello@freedomyoga.sg; user@domain.com,https://www.freedomyoga.sg,Singapore,SINGAPORE,yoga,yoga studio Singapore
Traditional Yoga Studio & Yoga Center in Singapore | Rudflo,enquiry@rudflo.com,enquiry@rudflo.com,https://rudflo.com,Singapore,SINGAPORE,yoga,yoga studio Singapore
"Yoga Classes, Singapore - Yoga Packages - Yoga Bar Studio",info@yogabar.sg,info@yogabar.sg,https://www.yogabar.sg,Singapore,SINGAPORE,yoga,yoga studio Singapore
"Best Yoga in Singapore, Unlimited yoga at $133 - Sky Yoga",info@skyyoga.com.sg,info@skyyoga.com.sg,https://skyyoga.com.sg,Singapore,SINGAPORE,yoga,yoga studio Singapore
13 Best Yoga Classes In Singapore For All Fitness Levels,sassy@sassymamasg.com,sassy@sassymamasg.com,https://www.sassymamasg.com/wellness-yoga-classes-studios-singapore/,Singapore,SINGAPORE,yoga,yoga studio Singapore
2Be Yoga: The Hottest Hot Yoga in Singapore.,contact@2be.yoga,contact@2be.yoga,https://www.2be.yoga,Singapore,SINGAPORE,yoga,hot yoga Singapore
Jal Yoga Singapore - Infrared Heat Yoga & Pilates,info@jalyoga.com.sg,info@jalyoga.com.sg,https://www.jalyoga.com.sg/infrared-heat/,Singapore,SINGAPORE,yoga,hot yoga Singapore
"Yoga Classes, Yoga, Hot Yoga - Ambience Yoga - Singapore, Singapore",team@latofonts.com,team@latofonts.com; impallari@gmail.com,https://ambienceyogainternational.com,Singapore,SINGAPORE,yoga,hot yoga Singapore
Yoga Retreats Singapore | Yoga & Wellness Retreats - Yoga Seeds,recharge@yogaseeds.com.sg,recharge@yogaseeds.com.sg; user@domain.com,https://www.yogaseeds.com.sg/retreats/,Singapore,SINGAPORE,yoga,yoga retreat Singapore
Top Wellness Retreats in Singapore | Rejuvenate & Relax,contact@bookmybooking.com,contact@bookmybooking.com,https://www.bookmybooking.com/blogs/singapore/top-wellness-retreats-singapore,Singapore,SINGAPORE,yoga,yoga retreat Singapore
Yoga Holidays & Retreats - Yoga Vihara,enquiries@yogavihara.com.sg,enquiries@yogavihara.com.sg,https://yogavihara.com.sg/yoga-holidays-retreats/,Singapore,SINGAPORE,yoga,yoga retreat Singapore
Yoga Teacher Training Course in Singapore | The Yoga Mandala,ask@theyogamandala.com.sg,ask@theyogamandala.com.sg; team@theyogamandala.com.sg,https://theyogamandala.com.sg/200-hour-ytt/,Singapore,SINGAPORE,yoga,yoga teacher training Singapore
Best 200-Hour Yoga Teacher Training Singapore | Siddhi Yoga,contact@siddhiyoga.com,guest@domain.com; contact@siddhiyoga.com,https://www.siddhiyoga.com/yoga/teacher/training/singapore,Singapore,SINGAPORE,yoga,yoga teacher training Singapore
Yoga Teacher Training Course (YICC) - Vyasa Yoga Singapore: Celebrating ...,enquiry@vyasasingapore.com,enquiry@vyasasingapore.com,https://vyasasingapore.com/yoga-teacher-training-course/,Singapore,SINGAPORE,yoga,yoga teacher training Singapore
"8 wellness centres for fitness, recovery and relaxation - find the best ...",example@email.com,example@email.com,https://cnalifestyle.channelnewsasia.com/style-beauty/wellness-spa-therapy-singapore-571316,Singapore,SINGAPORE,wellness,wellness centre Singapore
The Best Wellness Spaces In Singapore - Urban List,editorsc@theurbanlist.com,editorsc@theurbanlist.com; editormelb@theurbanlist.com; editornz@theurbanlist.com; hr@theurbanlist.com; editorsyd@theurbanlist.com,https://www.theurbanlist.com/singapore/a-list/the-best-wellness-spaces-in-singapore,Singapore,SINGAPORE,wellness,wellness centre Singapore
14 Best Wellness and Recovery Centres in Singapore 2026,unifiedlisting@gmail.com,unifiedlisting@gmail.com,https://unifiedlisting.com/best-wellness-centres-singapore/,Singapore,SINGAPORE,wellness,wellness centre Singapore
26 Best Spas in Singapore for Massages and Luxury Wellness,hello@thehoneycombers.com,hello@thehoneycombers.com,https://thehoneycombers.com/singapore/best-spas-in-singapore/,Singapore,SINGAPORE,wellness,wellness centre Singapore
Sound Healing in Singapore - Radiant Flow,hello@radiantflow.sg,hello@radiantflow.sg; flags@2x.webp; globe@2x.webp,https://radiantflow.sg/services/sound-healing/,Singapore,SINGAPORE,wellness,sound healing Singapore
Lunarae Healing | Sound Healing & Vibrational Wellness in Singapore,hello@lunaraehealing.co,your@email.com; hello@lunaraehealing.co,https://www.lunaraehealing.co,Singapore,SINGAPORE,wellness,sound healing Singapore
Healing harmonies | Holistic therapy | Sound therapy in Singapore,info@mysite.com,ed436f5053144538958ad06a5005e99a@sentry.wixpress.com; c098db2425c540d3982e073ae7fc4c9a@sentry.wixpress.com; info@mysite.com; 460ff4620fa44cba8df530afde949785@sentry.wixpress.com; c183baa23371454f99f417f6616b724d@sentry.wixpress.com,https://www.healingharmonies.sg,Singapore,SINGAPORE,wellness,sound healing Singapore
Pa-Auk Meditation Centre,u003epamc.dhammabook@gmail.com,u003epamc.dhammabook@gmail.com; pamc.dhammabook@gmail.com; u003eadmin@pamc.org.sg; u003einfo@company.com,https://www.pamc.org.sg,Singapore,SINGAPORE,wellness,meditation centre Singapore
Home - Brahm Centre,info@brahmcentre.com,assistme@brahmcentre.com; info@brahmcentre.com,https://brahmcentre.com,Singapore,SINGAPORE,wellness,meditation centre Singapore
10 Best Meditation Classes in Singapore To Experience Zen,hello@beautyinsider.sg,hello@beautyinsider.sg,https://beautyinsider.sg/best-meditation-classes-in-singapore/,Singapore,SINGAPORE,wellness,meditation centre Singapore
10 Best Holistic in Singapore (2026) — Verified Reviews | KakiList,hello@kakilist.com,hello@kakilist.com,https://kakilist.com/guides/wellness/best-holistic-singapore,Singapore,SINGAPORE,wellness,holistic wellness Singapore
WellBeing Singapore - Holistic Health Directory - Find WellBeing,ross@wellbeing.sg,ross@wellbeing.sg,https://www.wellbeing.sg,Singapore,SINGAPORE,wellness,holistic wellness Singapore
hOIListic Harmony | Essential Oil Workshops & Blends | Singapore,ed436f5053144538958ad06a5005e99a@sentry.wixpress.com,ed436f5053144538958ad06a5005e99a@sentry.wixpress.com; 460ff4620fa44cba8df530afde949785@sentry.wixpress.com; 79baaa8e09c746d2b7401643b99792e0@sentry.wixpress.com; c183baa23371454f99f417f6616b724d@sentry.wixpress.com; 98b21aa53d68482b8414e892d9af0e5f@sentry-next.wixpress.com,https://www.hoilisticharmony.com,Singapore,SINGAPORE,wellness,holistic wellness Singapore
Balanced Living,u003eemma@balancedlivingasia.com,u003eemma@balancedlivingasia.com; emma@balancedlivingasia.com,https://www.balancedlivingasia.com,Singapore,SINGAPORE,wellness,holistic wellness Singapore
6 Wellness Retreats and Self-Care Staycations in Singapore to Boost ...,u002f@tatler.asia,u002f@tatler.asia,https://www.tatlerasia.com/lifestyle/travel/wellness-retreats-and-self-care-staycations-singapore,Singapore,SINGAPORE,wellness,wellness retreat Singapore
Wellness Retreats in Singapore - HealingGuide,info@healingguide.org,info@healingguide.org,https://www.healingguide.org/destinations/asia/singapore/,Singapore,SINGAPORE,wellness,wellness retreat Singapore
Wellness Activities in Singapore: Discover Nature-Led Experiences on ...,contact@justinfernando.com,contact@justinfernando.com; guestrelations@mflg.com.sg,https://www.sentosa.com.sg/en/get-inspired/sentosa-guides/sentosa-wellness-retreat/,Singapore,SINGAPORE,wellness,wellness retreat Singapore
Breathwork Singapore: Guided Breathwork & Movement Therapy,beinghuman@soltherapy.sg,beinghuman@soltherapy.sg,https://soltherapy.sg/our-services/breathwork-movement-therapy/,Singapore,SINGAPORE,breathwork,breathwork Singapore
Breathwork Singapore: Complete Guide to Breathing Techniques and ...,sales@spiritstretch.com,sales@spiritstretch.com,https://spiritstretch.com/breathwork-singapore-complete-guide-to-breathing-techniques-and-classes/,Singapore,SINGAPORE,breathwork,breathwork Singapore
Breathwork & Meditation In Singapore - The Clifford Clinic,thecliffordclinic@gmail.com,thecliffordclinic@gmail.com,https://cliffordclinic.com/breathwork-meditation-workshop-singapore/,Singapore,SINGAPORE,breathwork,breathwork Singapore
Breathwork Singapore — THE YOGA HOUSE,hello@theyogahouse.sg,hello@theyogahouse.sg; user@domain.com,https://www.theyogahouse.sg/breathwork,Singapore,SINGAPORE,breathwork,breathwork facilitator Singapore
15 Best Event Planners In Singapore (2026) - MoreBetter Singapore,hello@morebetter.sg,hello@morebetter.sg; contact@megaexhibition.com.sg; salamsis@makbesar.com; info@ortusclub.com; sales@happier.sg,https://morebetter.sg/best-event-planners-singapore/,Singapore,SINGAPORE,events,event planner Singapore
12 Trustworthy Event Planners in Singapore [2026] - Finest Services,hello@snwevents.com.sg,hello@snwevents.com.sg; jason@multiverse.com.sg; enquiry@jnrentertainment.com.sg; party@partyallo.com.sg; budgetevents@live.com,https://finestservices.com.sg/event-planners/,Singapore,SINGAPORE,events,event planner Singapore
25 Best Event Planners In Singapore [2026] - BestInSingapore,enquiry@jnrentertainment.com.sg,sales@unicommarketing.com.sg; enquiry@jnrentertainment.com.sg; hello@funempire.com; ask@thelivegroup.com; salamsis@makbesar.com,https://www.bestinsingapore.org/event-planner-singapore/,Singapore,SINGAPORE,events,event planner Singapore
The Top 46 Best Event Planners in Singapore [2026 ],info@adrenalin.com.sg,sales@littleredballoon.com.sg; jason@multiverse.com.sg; info@adrenalin.com.sg; party@kidsfantasyparties.com; jocelynevents@gmail.com,https://www.bestinsingapore.co/best-event-planners-singapore/,Singapore,SINGAPORE,events,event planner Singapore
Top 15 Event Planning Companies in Singapore,info@tembusuevents.com.sg,info@tembusuevents.com.sg; cheryl@funco.com.sg; enquiry@jnrentertainment.com.sg; contact@bon-events.com; info@executivegroup.com.sg,https://event.funco.com.sg/blog/top-15-event-planning-companies-in-singapore,Singapore,SINGAPORE,events,event planner Singapore
TheMeetUpSG - Singapore Events Management - Event Production,enquiries@themeetupsg.com,enquiries@themeetupsg.com,https://www.themeetupsg.com,Singapore,SINGAPORE,events,event planner Singapore
Top Event Management Companies in Singapore - Goodfirms,info@goodfirms.co,info@goodfirms.co,https://www.goodfirms.co/business-services/event-management/singapore,Singapore,SINGAPORE,events,event planner Singapore
Partymojo - Event Management Company Singapore,dbs-kids-@-work-2024.png,dbs-kids-@-work-2024.png; sales@partymojo.com.sg; dbs-kids-@-work-2024-400x280.png; dbs-kids-@-work-2024-200x140.png,https://partymojo.com.sg,Singapore,SINGAPORE,events,event planner Singapore
Essential Werkz - Event Management Company Singapore,enquiry@essentialwerkz.com,enquiry@essentialwerkz.com,https://essentialwerkz.com,Singapore,SINGAPORE,events,event planner Singapore
The Executive Group: Event Company Singapore | 1K+ Events,info@executivegroup.com.sg,info@executivegroup.com.sg,https://executivegroup.com.sg,Singapore,SINGAPORE,events,corporate event planner Singapore
Singapore Events Management Company | Corporate Event Organisers | Get Out!,hello@getout.sg,hello@getout.sg,https://getout.sg,Singapore,SINGAPORE,events,corporate event planner Singapore
Corporate Event Management Company Singapore | ERS Asia,info@event.com.sg,info@event.com.sg,https://event.com.sg,Singapore,SINGAPORE,events,corporate event planner Singapore
Our Corporate Event Organiser Services - Eventive,enquiry@eventive.sg,enquiry@eventive.sg,https://eventive.sg/services/,Singapore,SINGAPORE,events,corporate event planner Singapore
14 Trustworthy Wedding Planners in Singapore [2026] - Finest Services,enquiry@chere.com.sg,enquiry@chere.com.sg; love@weddingdiary.com.sg; enquiry@heavens-gift.com; daniela@createyourstory.sg; celebrations@everittweds.com,https://finestservices.com.sg/wedding-planners/,Singapore,SINGAPORE,events,wedding planner Singapore
Top 13 Wedding Planners in Singapore - The Singaporean,hello@holymoly.sg,hello@holymoly.sg; celebrations@everittweds.com; hello@weddingconcepteur.com; anna@spellbound.com.sg; askus@thesingaporean.sg,https://thesingaporean.sg/wedding-planner-singapore/,Singapore,SINGAPORE,events,wedding planner Singapore
Wedding Planner in Singapore | The Wedding Guru,planforme@theweddingguru.sg,planforme@theweddingguru.sg; example@mysite.com; 18d2f96d279149989b95faf0a4b41882@sentry-next.wixpress.com; 5d1795a2db124a268f1e1bd88f503500@sentry.wixpress.com; 605a7baede844d278b89dc95ae0a9123@sentry-next.wixpress.com,https://www.theweddingguru.sg,Singapore,SINGAPORE,events,wedding planner Singapore
Wedding Coordinator in Singapore | Best Wedding Planners,enquiries@beautiful-gatherings.com,enquiries@beautiful-gatherings.com,https://beautiful-gatherings.com,Singapore,SINGAPORE,events,wedding planner Singapore
Top 20 Wedding Planners (2026) in Singapore to Ease your Wedding ...,info@musicaltouch.sg,271e9fa3230b4eec94b02bf95780f5f2@sentry.wixpress.com; ed436f5053144538958ad06a5005e99a@sentry.wixpress.com; 2062d0a4929b45348643784b5cb39c36@sentry.wixpress.com; info@musicaltouch.sg; 1eeb89147c984dc6bc3ffafd9e6cd089@sentry.wixpress.com,https://www.musicaltouch.sg/post/top-wedding-planners,Singapore,SINGAPORE,events,wedding planner Singapore
10 Best Wedding Planners in Singapore (2026) - Terris,hello@terris.sg,your@email.com; hello@terris.sg,https://terris.sg/blog/best-wedding-planners-singapore,Singapore,SINGAPORE,events,wedding planner Singapore
Singapore Wedding Planner | The Wedding Entourage - TWE,enquiries@theflyingdutchman.com.sg,enquiries@theflyingdutchman.com.sg; youremail@domain.com,https://theweddingentourage.com.sg,Singapore,SINGAPORE,events,wedding planner Singapore
Yoga in Zurich | AIRYOGA Studio,zuerich@airyoga.com,zuerich@airyoga.com; juliagaiser@yahoo.de,https://www.airyoga.ch/en/,Zurich,SWITZERLAND,yoga,yoga studio Zurich
YOGA STUDIO ZÜRICH | dein Yogastudio im Kreis 4,info@yogastudiozuerich.ch,78f7996315bc402f9dcb8a2f974b82d1@sentry.wixpress.com; 88170cb0c9d64f94b5821ca7fd2d55a4@sentry-next.wixpress.com; 1eeb89147c984dc6bc3ffafd9e6cd089@sentry.wixpress.com; dd0a55ccb8124b9c9d938e3acf41f8aa@sentry.wixpress.com; c183baa23371454f99f417f6616b724d@sentry.wixpress.com,https://www.yogastudiozuerich.ch,Zurich,SWITZERLAND,yoga,yoga studio Zurich
Yoga Studio in Zürich | Seefeld & Wiedikon | the SOULSPACE,contact@thesoulspace.ch,contact@thesoulspace.ch; 271e9fa3230b4eec94b02bf95780f5f2@sentry.wixpress.com; baf30a2b91654c5a840931f0137bed30@sentry.wixpress.com; ed436f5053144538958ad06a5005e99a@sentry.wixpress.com; 18d2f96d279149989b95faf0a4b41882@sentry-next.wixpress.com,https://www.thesoulspace.ch,Zurich,SWITZERLAND,yoga,yoga studio Zurich
Yoga in Zurich | Courses in large studio incl. wellness & spas,support@bodyart.studio,support@bodyart.studio,https://bodyart.studio/en/yoga-zurich/,Zurich,SWITZERLAND,yoga,yoga studio Zurich
ATHAYOGA | Yoga in Zürich & Zollikon,athayoga_logo_@2x.gif,athayoga_logo_@2x.gif; office@athayoga.ch,https://www.athayoga.ch,Zurich,SWITZERLAND,yoga,yoga studio Zurich
Raum für Yoga · Yoga-Studio in Zürich,sarah@raumfueryoga.com,sarah@raumfueryoga.com,https://raumfueryoga.com,Zurich,SWITZERLAND,yoga,yoga studio Zurich
Yoga in Zurich - zuerich.com,info@zuerich.com,info@zuerich.com,https://www.zuerich.com/en/sightseeing-activities/sport-and-relaxation/yoga,Zurich,SWITZERLAND,yoga,yoga studio Zurich
"Fancy Yoga | Studio de Yoga à Genève Vieille-Ville | Hatha, Vinyasa ...",iris@fancy.yoga,iris@fancy.yoga,https://fancy.yoga,Geneva,SWITZERLAND,yoga,yoga studio Geneva
Home - Soma House,info@somahouse.ch,info@somahouse.ch,https://somahouse.ch,Geneva,SWITZERLAND,yoga,yoga studio Geneva
"Yoga Genève Studio - Hot Pilates, Hot Yoga, Bikram & Kundalini Yoga",info@yogageneve.com,info@yogageneve.com,https://www.yogageneve.com,Geneva,SWITZERLAND,yoga,yoga studio Geneva
"Yoga Basel - Vinyasa, Ashtanga & Yin Yoga Studio | B.Yoga",info@byoga.ch,user@domain.com; info@byoga.ch,https://www.byoga.ch,Basel,SWITZERLAND,yoga,yoga studio Basel
Niyama - Studio für Yoga & Pilates im Herzen von Basel,rg@niyama-yoga.ch,rg@niyama-yoga.ch,https://www.niyama-yoga.ch,Basel,SWITZERLAND,yoga,yoga studio Basel
"Vinyasa Yoga, Aerial Yoga & Family Yoga in Basel | YOGABLOOM",info@yogabloom.ch,user@domain.com; info@yogabloom.ch,https://www.yogabloom.ch,Basel,SWITZERLAND,yoga,yoga studio Basel
"VOLTA YOGA Basel | Vinyasa, Hatha & Yin Yoga und mehr für Dich!",info@voltayoga.ch,info@voltayoga.ch; 88170cb0c9d64f94b5821ca7fd2d55a4@sentry-next.wixpress.com; anya@voltayoga.ch; 8eb368c655b84e029ed79ad7a5c1718e@sentry.wixpress.com; 605a7baede844d278b89dc95ae0a9123@sentry-next.wixpress.com,https://www.voltayoga.ch,Basel,SWITZERLAND,yoga,yoga studio Basel
Anjali Yoga&Pilates Studio Basel,info@anjali.ch,info@anjali.ch; 18d2f96d279149989b95faf0a4b41882@sentry-next.wixpress.com; 463991d7bca24f02a0baf16f9e6eda73@sentry.wixpress.com; 88170cb0c9d64f94b5821ca7fd2d55a4@sentry-next.wixpress.com; 5d1795a2db124a268f1e1bd88f503500@sentry.wixpress.com,https://www.anjali.ch,Basel,SWITZERLAND,yoga,yoga studio Basel
Yoga Basel - Yoga Therapie & Ayurveda,info@tarayoga.ch,info@tarayoga.ch,https://www.tarayoga.ch,Basel,SWITZERLAND,yoga,yoga studio Basel
Yoga in Bern - Yogaschule Carmen in Bern,fancybox_sprite@2x.png,fancybox_sprite@2x.png; fancybox_loading@2x.gif,https://www.yoga-carmen.ch,Bern,SWITZERLAND,yoga,yoga studio Bern
Yoga Atelier Bern I Yoga für alle I Qigong I Breathwork I Soundhealing,0fd2930120484402ac9adfb9e05cacd5@o37417.ingest.sentry.io,0fd2930120484402ac9adfb9e05cacd5@o37417.ingest.sentry.io; 78f7996315bc402f9dcb8a2f974b82d1@sentry.wixpress.com; 18d2f96d279149989b95faf0a4b41882@sentry-next.wixpress.com; 88170cb0c9d64f94b5821ca7fd2d55a4@sentry-next.wixpress.com; 5d1795a2db124a268f1e1bd88f503500@sentry.wixpress.com,https://www.yogaatelierbern.ch,Bern,SWITZERLAND,yoga,yoga studio Bern
Die 6 besten Yoga-Studios in Bern,michael-isler@m-i-n-d.yoga,michael-isler@m-i-n-d.yoga; ihre@email.de,https://bern.place/yoga-studio/,Bern,SWITZERLAND,yoga,yoga studio Bern
Yoga and more - Yoga Studio in Bern,info@yoga-and-more.ch,info@yoga-and-more.ch; nanasch@gmx.ch,https://www.yoga-and-more.ch,Bern,SWITZERLAND,yoga,yoga studio Bern
Studios Bern 25/26 — Hallo Yoga,hello@grey-rebel.com,hello@grey-rebel.com; info@halloyoga.ch; yoga@svarupa.com; info@vayamyoga.com; info@gobindeyoga.ch,https://www.halloyoga.ch/studios-bern,Bern,SWITZERLAND,yoga,yoga studio Bern
Yoga Classes Bern: Yogveda Method | Yoga Master since 2006,info@yogveda.ch,98b21aa53d68482b8414e892d9af0e5f@sentry-next.wixpress.com; 271e9fa3230b4eec94b02bf95780f5f2@sentry.wixpress.com; info@yogveda.ch; f36cc48fb72b4d298c835f2793cf3b84@sentry-next.wixpress.com; ed436f5053144538958ad06a5005e99a@sentry.wixpress.com,https://en.yogveda.ch,Bern,SWITZERLAND,yoga,yoga studio Bern
"Yutori Club Lausanne | Studio Pilates Mat, Yoga & Nutrition",hello@yutori-club.ch,0fd2930120484402ac9adfb9e05cacd5@o37417.ingest.sentry.io; 78f7996315bc402f9dcb8a2f974b82d1@sentry.wixpress.com; 18d2f96d279149989b95faf0a4b41882@sentry-next.wixpress.com; hello@yutori-club.ch; 88170cb0c9d64f94b5821ca7fd2d55a4@sentry-next.wixpress.com,https://www.yutori-club.ch,Lausanne,SWITZERLAND,yoga,yoga studio Lausanne
Best Yoga with IMYOGA Lausanne,info@imyoga.ch,user@domain.com; info@imyoga.ch,https://imyoga.ch,Lausanne,SWITZERLAND,yoga,yoga studio Lausanne
The Yogarden - Salle de yoga à Lausanne,dd0a55ccb8124b9c9d938e3acf41f8aa@sentry.wixpress.com,dd0a55ccb8124b9c9d938e3acf41f8aa@sentry.wixpress.com; c183baa23371454f99f417f6616b724d@sentry.wixpress.com; 8eb368c655b84e029ed79ad7a5c1718e@sentry.wixpress.com; theyogarden@protonmail.ch; 9a65e97ebe8141fca0c4fd686f70996b@sentry.wixpress.com,https://www.theyogarden.ch,Lausanne,SWITZERLAND,yoga,yoga studio Lausanne
Yoga Iyengar® à Lausanne,info@sarahyoga.ch,info@sarahyoga.ch,https://sarahyoga.ch,Lausanne,SWITZERLAND,yoga,yoga studio Lausanne
Top 20 Spa in Zurich's Best Wellness Scene - karelia.world,karelia.world@outlook.com,karelia.world@outlook.com,https://karelia.world/top-20-spa-in-zurichs-best-wellness-scene/,Zurich,SWITZERLAND,wellness,wellness centre Zurich
Wellness - Mandarin Oriental Hotel Group,info@nathanaelalexander.ch,mocna-reservations@mohg.com; u003emomay-reservations@mohg.com; u003emodoh-reservations@mohg.com; molzn-reservations@mohg.com; dataprivacyofficer@mohg.com,https://www.mandarinoriental.com/en/zurich/savoy/wellness,Zurich,SWITZERLAND,wellness,wellness centre Zurich
Wellness Centers in Zurich | local.ch,info@veropilates.ch,info@veropilates.ch; info@eldoa.ch; info@womens-fitness.ch; info@dancingloving.com; hello@keenwellbeing.com,https://www.local.ch/en/q/zurich/health-and-well-being,Zurich,SWITZERLAND,wellness,wellness centre Zurich
The Best Luxury Wellness Retreats In Switzerland,ninfo@stylesuite.nl,ninfo@stylesuite.nl,https://magazine.compareretreats.com/best-luxury-wellness-retreats-in-switzerland/,Switzerland,SWITZERLAND,wellness,wellness retreat Switzerland
Best Spas in Switzerland 2026: Top Wellness Retreats - Swiss Summertime,info@summertimeinswitzerland.com,271e9fa3230b4eec94b02bf95780f5f2@sentry.wixpress.com; example@mysite.com; 78f7996315bc402f9dcb8a2f974b82d1@sentry.wixpress.com; ed436f5053144538958ad06a5005e99a@sentry.wixpress.com; 18d2f96d279149989b95faf0a4b41882@sentry-next.wixpress.com,https://www.summertimeinswitzerland.com/post/best-spas-switzerland,Switzerland,SWITZERLAND,wellness,wellness retreat Switzerland
Spa Breaks in Switzerland | Healing Holidays,info@healingholidays.com,info@healingholidays.com; inquiries@healingholidays.com; pr@healingholidays.com; careers@healingholidays.com,https://www.healingholidays.com/destinations/europe/switzerland,Switzerland,SWITZERLAND,wellness,wellness retreat Switzerland
Swiss Wellness Retreats: Alpine Healing & Rejuvenation,support@swisshealthcare.com,support@swisshealthcare.com,https://www.swisshealthcare.com/wellness-retreats-switzerland/,Switzerland,SWITZERLAND,wellness,wellness retreat Switzerland
Spa in Geneva | Fairmont Grand Hotel Geneva,geneva@fairmont.com,geneva@fairmont.com,https://www.fairmont.com/en/hotels/geneva/fairmont-grand-hotel-geneva/wellness/spa.html,Geneva,SWITZERLAND,wellness,wellness centre Geneva
Wellness Centers in Geneva | local.ch,contact@drchatton.net,laetitia.schlappi@curacasa-hin.ch; viviana.balmer@bluewin.ch; contact@drchatton.net; nicolas@magnetiseur-geneve.ch; geneve-wilson@wellness-sportclub.ch,https://www.local.ch/en/q/geneva/health-and-well-being,Geneva,SWITZERLAND,wellness,wellness centre Geneva
"Wellness | Mandarin Oriental, Geneva",mogva-concierge@mohg.com,mogva-concierge@mohg.com; mocna-reservations@mohg.com; u003emodoh-reservations@mohg.com; u003emomay-reservations@mohg.com; molzn-reservations@mohg.com,https://www.mandarinoriental.com/en/geneva/rhone-river/wellness,Geneva,SWITZERLAND,wellness,wellness centre Geneva
Le SPA - Hôtel Bristol Genève - OFFICIAL WEBSITE,bristol@bristol.ch,bristol@bristol.ch,https://www.bristol.ch/en/spa/,Geneva,SWITZERLAND,wellness,wellness centre Geneva
Health and Wellness Retreats | La Réserve Geneva Hôtel & Spa,fancybox_loading@2x.gif,fancybox_loading@2x.gif; reservations@lareserve-geneve.com; leloti@lareserve-geneve.com; guestservices@lareserve-geneve.com; info-geneve@spanescens.com,https://www.lareserve-geneve.com/en/health-and-wellness-retreats/,Geneva,SWITZERLAND,wellness,wellness centre Geneva
Exclusive spa experience in Zurich - The Dolder Grand Spa,info@thedoldergrand.com,lhw@2x.png; lhw@2x-150x150.png; sdh@2x.png; spa@thedoldergrand.com; sdh@2x-150x150.png,https://www.thedoldergrand.com/en/spa/,Zurich,SWITZERLAND,wellness,wellness spa Zurich
LABO Spa — Zürich,info@labospa.ch,info@labospa.ch,https://www.labospa.ch,Zurich,SWITZERLAND,wellness,wellness spa Zurich
Holistic Wellness Retreats by Peak Health in the Swiss Alps,welcome@capra.ch,welcome@capra.ch,https://www.capra.ch/retreats/,Switzerland,SWITZERLAND,wellness,holistic wellness Switzerland
Wellness Retreats in Switzerland - ILX Travel,contact@ilxtravel.com,chosen-sprite@2x.png; contact@ilxtravel.com,https://www.ilxtravel.com/wellness-retreats-switzerland/,Switzerland,SWITZERLAND,wellness,holistic wellness Switzerland
Breathwork Zurich | Sacred Ways | Trauma-Sensitive,info@sacredways.ch,info@sacredways.ch,https://www.breathworkzurich.ch/en,Zurich,SWITZERLAND,breathwork,breathwork Zurich
Breathe with me | Breathwork,hello@breathewithme.ch,78f7996315bc402f9dcb8a2f974b82d1@sentry.wixpress.com; 18d2f96d279149989b95faf0a4b41882@sentry-next.wixpress.com; hello@breathewithme.ch; 5d1795a2db124a268f1e1bd88f503500@sentry.wixpress.com; c183baa23371454f99f417f6616b724d@sentry.wixpress.com,https://www.breathewithme.ch,Zurich,SWITZERLAND,breathwork,breathwork Zurich
"Breathwork Classes in Zurich, Bern, Basel and Lucerne, Switzerland — keur",hello@keurwellness.com,user@domain.com; hello@keurwellness.com,https://www.keurwellness.com/thebreath,Zurich,SWITZERLAND,breathwork,breathwork Zurich
Breathwork Schweiz - Zürich | Sangha,contact@sangha.ch,18d2f96d279149989b95faf0a4b41882@sentry-next.wixpress.com; 88170cb0c9d64f94b5821ca7fd2d55a4@sentry-next.wixpress.com; contact@sangha.ch; 5d1795a2db124a268f1e1bd88f503500@sentry.wixpress.com; dd0a55ccb8124b9c9d938e3acf41f8aa@sentry.wixpress.com,https://www.sangha.ch/breathwork-zürich,Zurich,SWITZERLAND,breathwork,breathwork Zurich
Breathwork Switzerland - Dominique Ceara | BREATHWORK & INNER HEALING,hi@dominiqueceara.com,hi@dominiqueceara.com,https://dominiqueceara.com/breathwork-switzerland,Switzerland,SWITZERLAND,breathwork,breathwork Switzerland
Breathwork in Switzerland,info@breathatelier.com,info@breathatelier.com,https://breathatelier.com,Switzerland,SWITZERLAND,breathwork,breathwork Switzerland
SwissBreathwork® | Formation Breathwork - Certifiante et ...,contact@swissbreathwork.com,contact@swissbreathwork.com,https://swissbreathwork.com,Switzerland,SWITZERLAND,breathwork,breathwork Switzerland
Journey to the Soul - 9D Breathwork-Transformational Breath Switzerland.,info@journeytothesoul.ch,271e9fa3230b4eec94b02bf95780f5f2@sentry.wixpress.com; example@mysite.com; ed436f5053144538958ad06a5005e99a@sentry.wixpress.com; 18d2f96d279149989b95faf0a4b41882@sentry-next.wixpress.com; 463991d7bca24f02a0baf16f9e6eda73@sentry.wixpress.com,https://www.journeytothesoul.ch,Switzerland,SWITZERLAND,breathwork,breathwork Switzerland
Breathwork | OMYBREATH | Switzerland,lanifaye@gmail.com,lanifaye@gmail.com; dd0a55ccb8124b9c9d938e3acf41f8aa@sentry.wixpress.com; c183baa23371454f99f417f6616b724d@sentry.wixpress.com; 9a65e97ebe8141fca0c4fd686f70996b@sentry.wixpress.com; 605a7baede844d278b89dc95ae0a9123@sentry-next.wixpress.com,https://www.omybreath.com,Switzerland,SWITZERLAND,breathwork,breathwork Switzerland
"Home, Breathwork - Just Breathe Geneva",daphne@breathe-geneva.ch,daphne@breathe-geneva.ch,https://breathe-geneva.com/en/,Geneva,SWITZERLAND,breathwork,breathwork facilitator Geneva
Functional Breathing and Breathwork in Geneva | Hanna Elina,contact@hannaelina.com,78f7996315bc402f9dcb8a2f974b82d1@sentry.wixpress.com; 18d2f96d279149989b95faf0a4b41882@sentry-next.wixpress.com; 5d1795a2db124a268f1e1bd88f503500@sentry.wixpress.com; dd0a55ccb8124b9c9d938e3acf41f8aa@sentry.wixpress.com; c183baa23371454f99f417f6616b724d@sentry.wixpress.com,https://www.hannaelina.com/breath,Geneva,SWITZERLAND,breathwork,breathwork facilitator Geneva
"Corporate wellness breathwork programmes in Morges, Lausanne and Geneva ...",hello@gracechinn.com,hello@gracechinn.com; user@domain.com,https://www.gracechinn.com/corporate-wellbeing,Geneva,SWITZERLAND,breathwork,breathwork facilitator Geneva
Workshop - danielanner.com,info@intuitiveflow.ch,info@intuitiveflow.ch,https://www.danielanner.com/workshop,Geneva,SWITZERLAND,breathwork,breathwork facilitator Geneva
Corporate Event Planning in Switzerland | Team Building Events,info@nmevents.ch,info@nmevents.ch; 18d2f96d279149989b95faf0a4b41882@sentry-next.wixpress.com; 2062d0a4929b45348643784b5cb39c36@sentry.wixpress.com; 5d1795a2db124a268f1e1bd88f503500@sentry.wixpress.com; 8eb368c655b84e029ed79ad7a5c1718e@sentry.wixpress.com,https://www.nmevents.ch,Zurich,SWITZERLAND,events,corporate events Zurich
Corporate Events - Zurich Convention Center,sales@kongresshaus.ch,sales@kongresshaus.ch,https://zurichconventioncenter.com/en/planning/corporate-events,Zurich,SWITZERLAND,events,corporate events Zurich
86+ Best Team Building Activities in Zurich in 2026 | Teamland,you@website.com,you@website.com,https://www.teamland.com/locations/zurich,Zurich,SWITZERLAND,events,corporate events Zurich
Exclusive venues for corporate events in Zurich - eventlocations.com,sales@eventlocations.com,sales@eventlocations.com; o3wqxuitt8%nrom_v@waxtomioips.xtr; support@eventlocations.com; ebm@dq9fivaktr.tt; max@thompson.com,https://www.eventlocations.com/en/zurich-corporate-event,Zurich,SWITZERLAND,events,corporate events Zurich
Kailash International Retreat Centre - Meditation Retreats in the Swiss ...,info@kailash.org,info@kailash.org,https://www.kailash.org,Switzerland,SWITZERLAND,events,retreat centre Switzerland
"Kailash International Retreat Centre, Switzerland",contact@placesforsolitude.com,contact@placesforsolitude.com,https://www.placesforsolitude.com/booking/kailash-international-retreat-centre/,Switzerland,SWITZERLAND,events,retreat centre Switzerland
Couples Retreat in Switzerland - Seminarhotel Chlotisberg,info@waldhaus.ch,info@waldhaus.ch,https://themakingloveretreat.com/switzerland,Switzerland,SWITZERLAND,events,retreat centre Switzerland
Kailash Retreatzentrum - Kadampa Meditationszentrum Schweiz,info@kadampa.ch,info@kadampa.ch,https://www.kadampa.ch/en/kailash-irc/,Switzerland,SWITZERLAND,events,retreat centre Switzerland
"Home | Mad Retreat Hotel, Switzerland | Official Web",reservations@madretreat.ch,reservations@madretreat.ch,https://www.madretreat.ch,Switzerland,SWITZERLAND,events,retreat centre Switzerland
Courses,info@kailashbookings.org,info@kailashbookings.org,https://www.kailashbookings.org,Switzerland,SWITZERLAND,events,retreat centre Switzerland
Our Retreat Centre - Landguet Ried - Ripa International Center,info@ripa-international.com,info@ripa-international.com,https://ripa-international.com/landguet-ried/,Switzerland,SWITZERLAND,events,retreat centre Switzerland
Ecstatic Dance Zurich,info@ecstaticdance.ch,info@ecstaticdance.ch,https://ecstaticdance.org/dance/ecstatic-dance-zurich/,Zurich,SWITZERLAND,events,ecstatic dance Zurich
Transformative Ecstatic Dance in Zurich | Xtatic — xtatic,kraftschatz@gmail.com,kraftschatz@gmail.com; remo@xtatic.ch; benutzer@domain.com,https://www.xtatic.ch/ecstaticdance-zurich,Zurich,SWITZERLAND,events,ecstatic dance Zurich
Ecstatic Dance in Zürich - flow60.ch,info@flow.ch,info@flow.ch; info@flow60.ch,https://www.flow60.ch/kurse/ecstatic-dance,Zurich,SWITZERLAND,events,ecstatic dance Zurich
"London Yoga Studios | Yoga Classes, Pilates + Treatments | triyoga",hello@triyoga.co.uk,hello@triyoga.co.uk,https://triyoga.co.uk,London,UK,yoga,yoga studio London
6 Best Yoga Studios in London That Make Time Feel Slower [2026 ],support@londonjourney.co.uk,support@londonjourney.co.uk,https://www.londonjourney.co.uk/top-yoga-studios-london/,London,UK,yoga,yoga studio London
14 best yoga studios in London 2025 - Women's Health,alice.head@womenshealthmag.co.uk,alice.head@womenshealthmag.co.uk,https://www.womenshealthmag.com/uk/fitness/yoga/g26338484/best-yoga-studios-in-london/,London,UK,yoga,yoga studio London
Yoga Manchester | Yoga Republic - Manchester & Salford,info@yoga-republic.com,ed436f5053144538958ad06a5005e99a@sentry.wixpress.com; info@yoga-republic.com; 460ff4620fa44cba8df530afde949785@sentry.wixpress.com; 79baaa8e09c746d2b7401643b99792e0@sentry.wixpress.com; c183baa23371454f99f417f6616b724d@sentry.wixpress.com,https://www.yoga-republic.co.uk,Manchester,UK,yoga,yoga studio Manchester
Best Yoga Studios in Manchester | ClassPass,evelaurenyoga@gmail.com,evelaurenyoga@gmail.com; nhelloexhalebreath@gmail.com; trilogymanchester@gmail.com,https://classpass.com/search/manchester/yoga,Manchester,UK,yoga,yoga studio Manchester
The Yoga Room,info@edinburghyogaroom.com,user@domain.com; info@edinburghyogaroom.com,https://www.edinburghyogaroom.com,Edinburgh,UK,yoga,yoga studio Edinburgh
5 Edinburgh Yoga Classes That Make Fitness Feel Peaceful [2026 ],support@thebestedinburgh.co.uk,support@thebestedinburgh.co.uk,https://www.thebestedinburgh.co.uk/best-yoga-classes-edinburgh/,Edinburgh,UK,yoga,yoga studio Edinburgh
Edinburgh Iyengar Yoga Centre,edinburghiyengaryoga.cbs@gmail.com,edinburghiyengaryoga.cbs@gmail.com; user@domain.com,https://www.yoga-edinburgh.com,Edinburgh,UK,yoga,yoga studio Edinburgh
"Yoganand Studio Bristol - Yoga, Pilates, Barre & Reformer Pilates Classes",info@yoganand.co.uk,info@yoganand.co.uk; user@domain.com,https://www.yoganand.co.uk,Bristol,UK,yoga,yoga studio Bristol
Studio Home - Bloom Yoga Bristol,hello@bloomyogabristol.co.uk,hello@bloomyogabristol.co.uk; goappycodes@gmail.com,https://bloomyogabristol.co.uk,Bristol,UK,yoga,yoga studio Bristol
Now Studio Bristol,hello@nowstudiobristol.com,hello@nowstudiobristol.com; user@domain.com,https://www.nowstudiobristol.com,Bristol,UK,yoga,yoga studio Bristol
elevate,contact@elevatetogether.co.uk,contact@elevatetogether.co.uk; user@domain.com,https://elevatetogether.co.uk,Bristol,UK,yoga,yoga studio Bristol
Welcome To SPACE - Space Yoga Studio - Brighton & Hove,spaceyogastudiouk@gmail.com,spaceyogastudiouk@gmail.com,https://www.spaceyogastudio.uk,Brighton,UK,yoga,yoga studio Brighton
"Energy for Life Fitness, Yoga & Pilates - Brighton",hello@energyforlifefitness.com,tom@energyforlifefitness.com; hello@energyforlifefitness.com,https://www.energyforlifefitness.com,Brighton,UK,yoga,yoga studio Brighton
Yoga On The Beach | Brightonyoga | England,info@brightonyoga.co.uk,ed436f5053144538958ad06a5005e99a@sentry.wixpress.com; 8c30b2581acc426badc414e8a5dc04ef@sentry.wixpress.com; 460ff4620fa44cba8df530afde949785@sentry.wixpress.com; 79baaa8e09c746d2b7401643b99792e0@sentry.wixpress.com; c183baa23371454f99f417f6616b724d@sentry.wixpress.com,https://www.brightonyoga.co.uk,Brighton,UK,yoga,yoga studio Brighton
Yoga Brighton Studio & Classes // WARRIOR ONE YOGA,info@warrioroneyoga.com.au,info@warrioroneyoga.com.au,https://warrioroneyoga.com.au/brighton/,Brighton,UK,yoga,yoga studio Brighton
Luna Wave Yoga,info@lunawave.co.uk,info@lunawave.co.uk; user@domain.com; studio@lunawave.co.uk,https://www.lunawave.co.uk,Brighton,UK,yoga,yoga studio Brighton
Yoga Kula Leeds | Yoga Classes in Chapel Allerton & City Centre,info@yogakulaleeds.co.uk,info@yogakulaleeds.co.uk; user@domain.com,https://www.yogakula.co.uk,Leeds,UK,yoga,yoga studio Leeds
HOME | Loti Yoga,lotiyoga@gmail.com,lotiyoga@gmail.com; dd0a55ccb8124b9c9d938e3acf41f8aa@sentry.wixpress.com; c183baa23371454f99f417f6616b724d@sentry.wixpress.com; 8eb368c655b84e029ed79ad7a5c1718e@sentry.wixpress.com; 9a65e97ebe8141fca0c4fd686f70996b@sentry.wixpress.com,https://www.lotiyoga.com,Leeds,UK,yoga,yoga studio Leeds
"Studio 70 Yoga & Reformer Pilates | Yoga, Pilates & Reformer Classes ...",info@studio70glasgow.com,info@studio70glasgow.com; user@domain.com,https://www.studio70glasgow.com,Glasgow,UK,yoga,yoga studio Glasgow
The Kali Collective Glasgow Yoga Studio,hello@kalicollective.com,user@domain.com; hello@kalicollective.com,https://www.kalicollective.com,Glasgow,UK,yoga,yoga studio Glasgow
Merchant City Yoga,info@merchantcityyoga.com,info@merchantcityyoga.com; user@domain.com,https://merchantcityyoga.com,Glasgow,UK,yoga,yoga studio Glasgow
Reset Studio Glasgow — Yoga & Reformer Pilates Glasgow,hello@resetyogaglasgow.com,hello@resetyogaglasgow.com; user@domain.com,https://www.resetyogahub.com,Glasgow,UK,yoga,yoga studio Glasgow
Home | The Yoga Barn,example@mysite.com,example@mysite.com; 78f7996315bc402f9dcb8a2f974b82d1@sentry.wixpress.com; 18d2f96d279149989b95faf0a4b41882@sentry-next.wixpress.com; 88170cb0c9d64f94b5821ca7fd2d55a4@sentry-next.wixpress.com; 5d1795a2db124a268f1e1bd88f503500@sentry.wixpress.com,https://www.yogabarnglasgow.co.uk,Glasgow,UK,yoga,yoga studio Glasgow
Planet Yoga - The number one place to practice yoga in Liverpool,info@planetyogaliverpool.com,info@planetyogaliverpool.com,https://planetyogaliverpool.com,Liverpool,UK,yoga,yoga studio Liverpool
Yoga Hub is Liverpool's premier Hot Yoga studio and Wellbeing,yogahubliverpool@gmail.com,yogahubliverpool@gmail.com,https://yogahubliverpool.co.uk,Liverpool,UK,yoga,yoga studio Liverpool
ELEVEN:ELEVEN Studios | Liverpool,info@elevenelevenyogastudios.co.uk,98b21aa53d68482b8414e892d9af0e5f@sentry-next.wixpress.com; 271e9fa3230b4eec94b02bf95780f5f2@sentry.wixpress.com; baf30a2b91654c5a840931f0137bed30@sentry.wixpress.com; f36cc48fb72b4d298c835f2793cf3b84@sentry-next.wixpress.com; 78f7996315bc402f9dcb8a2f974b82d1@sentry.wixpress.com,https://www.elevenelevenyogastudios.co.uk,Liverpool,UK,yoga,yoga studio Liverpool
Yoga in Liverpool with Rosanna Gordon,rosanna@rosannagordon.com,rosanna@rosannagordon.com; rosannagordon@hotmail.com,https://rosannagordon.com,Liverpool,UK,yoga,yoga studio Liverpool
THE BEST YOGA STUDIOS IN LIVERPOOL - Liverpool Fitness Magazine,goodwinhelen@northernmagazines.co.uk,goodwinhelen@northernmagazines.co.uk; alfonsocharlie@northernmagazines.co.uk; hi@northernmagazines.co.uk; charlie@northernmagazines.co.uk; news@livfitmag.co.uk,https://www.livfitmag.co.uk/the-best-yoga-studios-in-liverpool/,Liverpool,UK,yoga,yoga studio Liverpool
Ashtanga Yoga Liverpool - Yoga classes in Liverpool,helen@ashtangayogaliverpool.co.uk,helen@ashtangayogaliverpool.co.uk,https://www.ashtangayogaliverpool.co.uk,Liverpool,UK,yoga,yoga studio Liverpool
Yogacita,info@yogacita.co.uk,user@domain.com; info@yogacita.co.uk,https://www.yogacita.co.uk,Liverpool,UK,yoga,yoga studio Liverpool
Yoga Retreats - Yoga Holidays & Yoga Breaks in UK & Abroad | Adventure Yogi,ay_logo_stamp@2x.png,ay_logo_stamp@2x.png; location_icon@2x.png,https://adventureyogi.com,UK,UK,yoga,yoga retreat UK
Residential Retreats - Mandala Yoga Ashram,info@mandalayogaashram.com,info@mandalayogaashram.com,https://www.mandalayogaashram.com/residential-retreats,UK,UK,yoga,yoga retreat UK
"Devon Yoga Retreats with Yoga, Field and Sea",info@yogafieldandsea.co.uk,info@yogafieldandsea.co.uk,https://www.yogafieldandsea.co.uk,Devon,UK,yoga,yoga retreat Devon
Yoga Retreat Devon | Retreats Since 1982 | The Sharpham Trust,info@sharphamtrust.org,info@sharphamtrust.org,https://www.sharphamtrust.org/mindfulness-retreats/details/yoga-meditation-retreat-coach-house-devon-uk,Devon,UK,yoga,yoga retreat Devon
"ERTH Wellbeing, yoga, creative retreat centre on Devon/Cornwall border ...",info@erthretreat.com,info@erthretreat.com; user@domain.com,https://erthretreat.com,Devon,UK,yoga,yoga retreat Devon
Yoga Retreat Venue - Devon - Middle Coombe Farm,info@coombefarmwoods.co.uk,info@coombefarmwoods.co.uk,https://www.coombefarmwoods.co.uk/yoga/,Devon,UK,yoga,yoga retreat Devon
"Devon Wellness Retreat | Yoga, Sea Swimming & Coast | Zenaa",info@zenaa.co.uk,info@zenaa.co.uk,https://zenaa.co.uk/devon-retreat,Devon,UK,yoga,yoga retreat Devon
Discover Cornwall this year. - Hand-picked Escapes,hello@aspects-holidays.co.uk,hello@aspects-holidays.co.uk,https://aspects-holidays.co.uk,Cornwall,UK,yoga,yoga retreat Cornwall
Yoga Retreat Cornwall UK - Shine Yoga,jen@shineyogauk.com,jen@shineyogauk.com,https://shineyogauk.com/yoga-retreat-cornwall/,Cornwall,UK,yoga,yoga retreat Cornwall
Lucy Ann Retreats | Boutique Yoga & Wellness Journeys Cornwall,hello@lucyannretreats.com,hello@lucyannretreats.com,https://lucyannretreats.com,Cornwall,UK,yoga,yoga retreat Cornwall
The Wild Glow Yoga Retreat - Cornwall - The Yoga Glow UK,theyogaglowuk@gmail.com,theyogaglowuk@gmail.com; user@domain.com,https://www.theyogaglowuk.com/wildglow2026,Cornwall,UK,yoga,yoga retreat Cornwall
Radiant Waves Cornwall Yoga Retreat | Coastal Wellness & Weekend ...,radiantwavesretreats@gmail.com,radiantwavesretreats@gmail.com; user@domain.com,https://www.radiantwavesretreats.com/cornwall-yoga-retreat,Cornwall,UK,yoga,yoga retreat Cornwall
Wellness Centre in Edinburgh | The Wellness Barn Edinburgh,thewellnessbarnedinburgh@gmail.com,thewellnessbarnedinburgh@gmail.com,https://thewellnessbarnedinburgh.co.uk,Edinburgh,UK,wellness,wellness centre Edinburgh
AWAY Spa at W Edinburgh | Luxury Spa in Edinburgh,awayspa.edinburgh@whotels.com,awayspa.edinburgh@whotels.com,https://www.awayspaedinburgh.com,Edinburgh,UK,wellness,wellness centre Edinburgh
"Holyrood Spa Edinburgh | Luxury Spa, Gym & Health Club",dave@bradshaw.net,dave@bradshaw.net; spa@edinburghmarriotthotelholyrood.com,https://theholyroodspa.co.uk,Edinburgh,UK,wellness,wellness centre Edinburgh
Spa in Edinburgh | Lothian Road | PURE Spa,customerservices@purespauk.com,customerservices@purespauk.com,https://purespauk.com/pages/pure-spa-beauty-lothian-road-edinburgh,Edinburgh,UK,wellness,wellness centre Edinburgh
Health and wellness - Forever Edinburgh,visit@edinburgh.gov.uk,visit@edinburgh.gov.uk,https://edinburgh.org/inspire/edinburgh-city-guides/health-and-wellness/,Edinburgh,UK,wellness,wellness centre Edinburgh
The 15 best wellness retreats in the UK for 2026 - CN Traveller,travellerdigital@subscription.co.uk,travellerdigital@subscription.co.uk; nclasstraveller@condenast.co.uk; classtraveller@condenast.co.uk; help@newyorker.com; onlineadvertisingqueries@condenast.co.uk,https://www.cntraveller.com/gallery/wellness-retreats-uk,UK,UK,wellness,wellness retreat UK
"Wellness Retreat and Spa UK | The Glass House Retreat, Essex",hello@glasshouseretreat.co.uk,hello@glasshouseretreat.co.uk; pressoffice@chaptercommunications.co.uk,https://www.glasshouseretreat.co.uk,UK,UK,wellness,wellness retreat UK
The best wellness retreats in the UK for 2026 - House & Garden,help@newyorker.com,help@newyorker.com,https://www.houseandgarden.co.uk/gallery/wellness-retreats-uk,UK,UK,wellness,wellness retreat UK
16 of the best wellness retreats in the UK - The Times,feedback@thetimes.com,feedback@thetimes.com; travel@sunday-times.co.uk,https://www.thetimes.com/travel/inspiration/spa-and-wellness/the-uks-best-wellness-retreats-7qd5650v0,UK,UK,wellness,wellness retreat UK
Wellness & Wellbeing Retreats in the heart of the UK,info@tranquilwatersretreat.co.uk,271e9fa3230b4eec94b02bf95780f5f2@sentry.wixpress.com; f36cc48fb72b4d298c835f2793cf3b84@sentry-next.wixpress.com; ed436f5053144538958ad06a5005e99a@sentry.wixpress.com; 18d2f96d279149989b95faf0a4b41882@sentry-next.wixpress.com; info@tranquilwatersretreat.co.uk,https://www.tranquilwatersretreat.co.uk,UK,UK,wellness,wellness retreat UK
"The May Wellness Centre: health, wellbeing, body, mind, skin",info@maywellnesscentre.co.uk,info@maywellnesscentre.co.uk,https://www.maywellnesscentre.co.uk,Bristol,UK,wellness,wellness centre Bristol
Sivo Wellness,contact@sivowellness.com,contact@sivowellness.com,https://sivowellness.com,Bristol,UK,wellness,wellness centre Bristol
"Fire & Ice Wellness | Swim & Sauna | Bristol, UK",info@fireicewellness.co.uk,ed436f5053144538958ad06a5005e99a@sentry.wixpress.com; 460ff4620fa44cba8df530afde949785@sentry.wixpress.com; 79baaa8e09c746d2b7401643b99792e0@sentry.wixpress.com; c183baa23371454f99f417f6616b724d@sentry.wixpress.com; 271e9fa3230b4eec94b02bf95780f5f2@sentry.wixpress.com,https://www.fireicewellness.co.uk,Bristol,UK,wellness,wellness centre Bristol
Holistic Health & Wellness Centre Brighton | Pando Society,info@pandosociety.com,info@pandosociety.com,https://www.pandosociety.com/surrounding-areas/brighton,Brighton,UK,wellness,wellness centre Brighton
Yoga and Massage in Brighton | About Balance,info@aboutbalancebrighton.com,info@aboutbalancebrighton.com,https://www.aboutbalancebrighton.com,Brighton,UK,wellness,wellness centre Brighton
Brighton health centre — Whole Health Brighton,hello@wholehealthbrighton.com,hello@wholehealthbrighton.com; user@domain.com; jarbuckle@wholehealthbrighton.com,https://www.wholehealthbrighton.com/brighton-health-centre,Brighton,UK,wellness,wellness centre Brighton
"Home | Breathe Wellbeing - qi gong | Brighton and Hove, UK",hello@breathe-wellbeing.com,271e9fa3230b4eec94b02bf95780f5f2@sentry.wixpress.com; hello@breathe-wellbeing.com; 78f7996315bc402f9dcb8a2f974b82d1@sentry.wixpress.com; ed436f5053144538958ad06a5005e99a@sentry.wixpress.com; 18d2f96d279149989b95faf0a4b41882@sentry-next.wixpress.com,https://www.breathe-wellbeing.com,Brighton,UK,wellness,wellness centre Brighton
Starvita: Premier Beauty and Wellness Centre in Brighton | Starvita,contact@starvita.space,contact@starvita.space,https://starvita.space,Brighton,UK,wellness,wellness centre Brighton
Wellness Centre in Brighton | Myotherapy | Chiropractic,info@ghgc.com.au,info@ghgc.com.au,https://www.ghgc.com.au/services,Brighton,UK,wellness,wellness centre Brighton
Brighton Mental Health and Wellness Centre,jessica@brightonwellnesscentre.co.uk,jessica@brightonwellnesscentre.co.uk,https://brightonwellnesscentre.co.uk,Brighton,UK,wellness,wellness centre Brighton
Wholistic Wellness Clinic - Website,enquiries@wholisticwellness.uk,enquiries@wholisticwellness.uk,https://wholisticwellness.uk,London,UK,wellness,holistic wellness centre London
London Natural Health Centre · Holborn Holistic Therapies,info@londonnatural.co.uk,info@londonnatural.co.uk,https://londonnatural.co.uk,London,UK,wellness,holistic wellness centre London
Country & Townhouse: London's Best Holistic Wellness Studios & Classes,hello@cloudtwelve.co.uk,hello@cloudtwelve.co.uk,https://www.cloudtwelve.co.uk/post/londons-best-holistic-wellness-studios-classes,London,UK,wellness,holistic wellness centre London
Holistique UK — Holistic Wellness & Acupuncture in London,hello@holistiqueuk.com,hello@holistiqueuk.com,https://holistiqueuk.com,London,UK,wellness,holistic wellness centre London
Light Centre | London's Leading Holistic Wellbeing Centres,pauline@bodywisdomtherapy.com,pauline@bodywisdomtherapy.com,https://lightcentre.com,London,UK,wellness,holistic wellness centre London
Wellness & Longevity Clinic London | Acupuncture | The HVN,concierge@the-hvn.com,concierge@the-hvn.com,https://the-hvn.com,London,UK,wellness,holistic wellness centre London
"House Of Butterfly | sound healing | London, UK",hello@houseofbutterfly.co.uk,271e9fa3230b4eec94b02bf95780f5f2@sentry.wixpress.com; example@mysite.com; 78f7996315bc402f9dcb8a2f974b82d1@sentry.wixpress.com; ed436f5053144538958ad06a5005e99a@sentry.wixpress.com; 18d2f96d279149989b95faf0a4b41882@sentry-next.wixpress.com,https://www.houseofbutterfly.co.uk,London,UK,wellness,sound healing London
Re:Mind Studio London,info@remindstudio.com,user@domain.com; info@remindstudio.com,https://www.remindstudio.co.uk,London,UK,wellness,sound healing London
Evolve Breath Body ™,info@evolvebreathbody.com,user@domain.com; info@evolvebreathbody.com,https://www.evolvebreathbody.com,London,UK,breathwork,breathwork facilitator London
Transformative Breathwork Sessions In London,hello@staceyhartbreathwork.co.uk,hello@staceyhartbreathwork.co.uk,https://www.staceyhartbreathwork.co.uk,London,UK,breathwork,breathwork facilitator London
"Evolve Breathwork | Breathwork for Stress, Clarity & Resilience in London",kathryn@bienestarpr.co,kathryn@bienestarpr.co,https://evolve-breathwork.com,London,UK,breathwork,breathwork facilitator London
Private and Group Breathwork Sessions in London — Breathe East Breathwork,hello@breathe-east.com,user@domain.com; hello@breathe-east.com,https://www.breathe-east.com/meet-johanna,London,UK,breathwork,breathwork facilitator London
The Breath Space Jamie Clements,jamie@thebreathspace.co.uk,jamie@thebreathspace.co.uk,https://thebreathspace.co.uk,London,UK,breathwork,breathwork facilitator London
Breathwork classes — The Loud Quiet,hello@theloudquiet.co.uk,hello@theloudquiet.co.uk; user@domain.com,https://www.theloudquiet.co.uk/breathwork/breathwork-classes,Manchester,UK,breathwork,breathwork classes Manchester
Manchester Mindfulness Courses and Events - Breathworks,info@breathworks.co.uk,info@breathworks.co.uk,https://www.breathworks-mindfulness.org.uk/pages/events/category/manchester-mindfulness-courses-and-events,Manchester,UK,breathwork,breathwork classes Manchester
The Breathing Space: Drop-In Breathwork Class Manchester,hi@classbento.co.uk,hi@classbento.co.uk,https://classbento.co.uk/the-breathing-space-drop-in-breathwork-class-manchester,Manchester,UK,breathwork,breathwork classes Manchester
Breathwork Masterclass Manchester | James Power,james@findyourbackbone.com,james@findyourbackbone.com,https://findyourbackbone.com/product/breathwork-masterclass-manchester/,Manchester,UK,breathwork,breathwork classes Manchester
Mark Sutton| Biodynamic Breathwork Trauma Release | Manchester|,info@markdsutton.com,2062d0a4929b45348643784b5cb39c36@sentry.wixpress.com; info@markdsutton.com; 605a7baede844d278b89dc95ae0a9123@sentry-next.wixpress.com,https://www.markdsutton.com,Manchester,UK,breathwork,breathwork classes Manchester
MELISA KARASU: Spiritual | Manchester,hello@melisakarasu.com,user@domain.com; hello@melisakarasu.com,https://www.melisakarasu.com,Manchester,UK,breathwork,breathwork classes Manchester
Somatic breath work • Koa,hello@koa-edinburgh.co.uk,hello@koa-edinburgh.co.uk,https://koa-edinburgh.co.uk/somatic-breath-work/,Edinburgh,UK,breathwork,breathwork facilitator Edinburgh
Breathwork Edinburgh - The Safe Space,support@webador.com,support@webador.com,https://www.thesafespace.uk/breathwork-edinburgh,Edinburgh,UK,breathwork,breathwork facilitator Edinburgh
9D Breathwork Edinburgh & East Lothian | Nervous System Reset | Ctrl ...,bryden@ctrlaltbreathe.co,bryden@ctrlaltbreathe.co,https://www.ctrlaltbreathe.co.uk,Edinburgh,UK,breathwork,breathwork facilitator Edinburgh
Therapists - dovelight wellbeing centre,info@dovelight.org.uk,info@dovelight.org.uk; user@domain.com,https://dovelight.org.uk/therapists,Edinburgh,UK,breathwork,breathwork facilitator Edinburgh
"Yoga & Breathwork in Edinburgh | Calm, Grounded Practice",hello@joolzyoga.com,hello@joolzyoga.com,https://joolzyoga.com,Edinburgh,UK,breathwork,breathwork facilitator Edinburgh
Inspirational Breathing,nicola@inspirationalbreathing.com,nicola@inspirationalbreathing.com; user@domain.com; life@inspirationalbreathing.com,https://www.inspirationalbreathing.com,Brighton,UK,breathwork,breathwork facilitator Brighton
Expanded Spaces | Breathwork Brighton,info@expandedspaces.com,user@domain.com; info@expandedspaces.com,https://www.expandedspaces.com/my-training,Brighton,UK,breathwork,breathwork facilitator Brighton
The Power of Breathwork | The Breath Connection | United Kingdom,contact@thebreathconnection.org,contact@thebreathconnection.org,https://www.thebreathconnection.org,UK,UK,breathwork,breathwork retreat UK
"The Exhale Awakening | Breathwork, Retreats and Training",enquiries@theexhaleawakening.com,enquiries@theexhaleawakening.com,https://www.theexhaleawakening.com,UK,UK,breathwork,breathwork retreat UK
The Event Management In Manchester | Clearwater Events,stephen@clearwaterevents.co.uk,stephen@clearwaterevents.co.uk,https://clearwaterevents.co.uk/event-management-manchester/,Manchester,UK,events,event planner Manchester
Event Planning Agency in Manchester,joe@thechameleonagency.com,joe@thechameleonagency.com,https://www.thechameleonagency.com/service/event-planners/,Manchester,UK,events,event planner Manchester
Event Planner Manchester - Exclusive Party,rachel@exclusiveparty.co.uk,rachel@exclusiveparty.co.uk,https://exclusiveparty.co.uk/event-planner-manchester/,Manchester,UK,events,event planner Manchester
Rick's Event Planning | Premier Event Planning Services in Manchester,rickseventplanning@gmail.com,rickseventplanning@gmail.com,https://rickseventplanning.com,Manchester,UK,events,event planner Manchester
Event Planner Manchester - Event Planner Cheshire - Luxury Events,hello@heleneriksenweddings.com,hello@heleneriksenweddings.com; name@email.com,https://www.heleneriksenweddings.com/special-events/,Manchester,UK,events,event planner Manchester
Event Management in Manchester | Eventologists,info@eventologists.co.uk,info@eventologists.co.uk,https://eventologists.co.uk/event-management-in-manchester/,Manchester,UK,events,event planner Manchester
Luxury Wedding Planner - Cheshire & Manchester Event Planner,kate@kateparkevents.co.uk,kate@kateparkevents.co.uk,https://kateparkevents.co.uk,Manchester,UK,events,event planner Manchester
The 10 Best Event Companies in Edinburgh - 2026 Reviews,jane.doe@acme.com,jane.doe@acme.com; janedoe@acme.com; alesia.pop@sortlist.com,https://www.sortlist.co.uk/event/edinburgh-scotland-gb,Edinburgh,UK,events,event planner Edinburgh
Event Planner Edinburgh | Luxury Events | Forte Events,info@forteeventmgmt.co.uk,your@email.com; info@forteeventmgmt.co.uk,https://www.forteeventmgmt.co.uk/locations/edinburgh,Edinburgh,UK,events,event planner Edinburgh
Bespoke Corporate & Private Event Planning | Edinburgh | Dean Matheson ...,enquiries@deanmathesonevents.com,enquiries@deanmathesonevents.com,https://deanmathesonevents.com,Edinburgh,UK,events,event planner Edinburgh
"My Event Concierge - Hen, Stag, Party - Planner & Organiser",contact@myeventconcierge.co.uk,271e9fa3230b4eec94b02bf95780f5f2@sentry.wixpress.com; 78f7996315bc402f9dcb8a2f974b82d1@sentry.wixpress.com; ed436f5053144538958ad06a5005e99a@sentry.wixpress.com; 18d2f96d279149989b95faf0a4b41882@sentry-next.wixpress.com; 2062d0a4929b45348643784b5cb39c36@sentry.wixpress.com,https://www.myeventconcierge.co.uk/edinburgh,Edinburgh,UK,events,event planner Edinburgh
Next Level Event Management Edinburgh | ConnectIn Events,info@connectin.co.uk,info@connectin.co.uk,https://connectinevents.co.uk/locations/wales-scotland/event-management-edinburgh/,Edinburgh,UK,events,event planner Edinburgh
Alastair Currie Events | Event Planning & Management Bristol,info@alastaircurrieevents.com,info@alastaircurrieevents.com,https://www.alastaircurrieevents.com,Bristol,UK,events,event planner Bristol
Bespoke Event Planning in Bristol | Satin Events,satineventsuk@gmail.com,satineventsuk@gmail.com,https://satinevents.co.uk,Bristol,UK,events,event planner Bristol
"Ecstatic Dance Bristol | May Lineup, Ticket Price Update & Next Dance",osara@tutamail.com,osara@tutamail.com,https://dandelion.events/pmails/64524ad3aef3bc00027abcfd,Bristol,UK,events,ecstatic dance Bristol
Discover Ecstatic Dance Events & Activities in Bristol ... - Eventbrite,ukvoicemails@eventbrite.com,ukvoicemails@eventbrite.com; ebhelp@eventbrite.com; press@eventbrite.com; installments@eventbrite.com; charity@eventbrite.com,https://www.eventbrite.co.uk/d/united-kingdom--bristol--10421/ecstatic-dance/,Bristol,UK,events,ecstatic dance Bristol
Ecstatic Prance | Ecstatic Dance | England,9a65e97ebe8141fca0c4fd686f70996b@sentry.wixpress.com,9a65e97ebe8141fca0c4fd686f70996b@sentry.wixpress.com; c183baa23371454f99f417f6616b724d@sentry.wixpress.com; 88170cb0c9d64f94b5821ca7fd2d55a4@sentry-next.wixpress.com; 605a7baede844d278b89dc95ae0a9123@sentry-next.wixpress.com,https://www.ecstaticprance.com,Bristol,UK,events,ecstatic dance Bristol
Ecstatic Dance Bristol (Osara / Ace Collective),ben@realawake.co.uk,ben@realawake.co.uk,https://www.realawake.co.uk/organisers/ecstatic-dance-bristol-osara-ace-collective.html,Bristol,UK,events,ecstatic dance Bristol
Ecstatic Dance,annalisadrew@me.com,annalisadrew@me.com,https://ecstaticdancebrighton.co.uk,Brighton,UK,events,ecstatic dance Brighton
Ecstatic Dance Brighton,thomas@ecstaticdance.earth,thomas@ecstaticdance.earth,https://ecstaticdance.org/dance/ecstatic-dance-brighton/,Brighton,UK,events,ecstatic dance Brighton
Ecstatic Dance Brighton,contact@dandelion.events,contact@dandelion.events; enquiries@psychedelicsociety.org.uk,https://dandelion.events/o/ecstatic-dance-brighton/events,Brighton,UK,events,ecstatic dance Brighton
Luxury Wedding Planner in London | Siobhàn Craven-Robins,siobhan@siobhancraven-robins.co.uk,siobhan@siobhancraven-robins.co.uk,https://www.siobhancraven-robins.com,London,UK,events,wedding planner London
"Camilla Boniek Events | Wedding Planner | London, England, UK",info@camillaboniekevents.com,271e9fa3230b4eec94b02bf95780f5f2@sentry.wixpress.com; ed436f5053144538958ad06a5005e99a@sentry.wixpress.com; 2062d0a4929b45348643784b5cb39c36@sentry.wixpress.com; info@camillaboniekevents.com; 460ff4620fa44cba8df530afde949785@sentry.wixpress.com,https://www.camillaboniekevents.com,London,UK,events,wedding planner London
London Wedding Planners | Perfectly Planned 4 You,hello@perfectlyplanned4you.com,hello@perfectlyplanned4you.com,https://perfectlyplanned4you.com,London,UK,events,wedding planner London
20 amazing wedding planners in London - Easy Weddings UK,sales@easyweddings.co.uk,sales@easyweddings.co.uk; service@easyweddings.co.uk,https://www.easyweddings.co.uk/articles/wedding-planners-london/,London,UK,events,wedding planner London
Revelry Events | Modern + Creative Wedding Planners | London + UK,hello@jointherevelry.com,hello@jointherevelry.com; user@domain.com,https://www.jointherevelry.com,London,UK,events,wedding planner London
Gaia House Buddhist Meditation Retreat Centre,info@gaiahouse.co.uk,info@gaiahouse.co.uk,https://gaiahouse.co.uk,UK,UK,events,retreat centre UK
Home - Claridge House,welcome@claridgehouse.org.uk,welcome@claridgehouse.org.uk,https://claridgehouse.org.uk,UK,UK,events,retreat centre UK
Home - Divine Retreat Centre UK - Official Website,frjosephedattuvc@divineuk.org,frjosephedattuvc@divineuk.org,https://www.divineuk.org,UK,UK,events,retreat centre UK
House of Bread - Christian Retreat and Conference Centre,hob_icon_white@4x-2.png,hob_icon_white@4x-2.png,https://www.thehouseofbread.org,UK,UK,events,retreat centre UK
The Best Yoga Studios in Sydney: Top 6 Calm Spaces [2026 ],support@cleveraussie.com,support@cleveraussie.com,https://www.cleveraussie.com/best-yoga-studios-sydney/,Sydney,AUSTRALIA,yoga,yoga studio Sydney
Yoga Loft Sydney,vicky@yogaloftsydney.com,vicky@yogaloftsydney.com; user@domain.com,https://www.yogaloftsydney.com,Sydney,AUSTRALIA,yoga,yoga studio Sydney
Good Vibes | Yoga Studio Melbourne,hello@goodvibesyoga.com.au,hello@goodvibesyoga.com.au; user@domain.com,https://goodvibesyoga.com.au,Melbourne,AUSTRALIA,yoga,yoga studio Melbourne
10 Best Yoga Studios in Melbourne (2026) - The Trend Spotter,info@thetrendspotter.net,info@thetrendspotter.net,https://www.thetrendspotter.net/best-yoga-studios-melbourne/,Melbourne,AUSTRALIA,yoga,yoga studio Melbourne
Melbourne Yoga and Pilates - Personal Training | Yoga | Pilates | Fitness,info@melbourneyogaandpilates.com,info@melbourneyogaandpilates.com,https://melbourneyogaandpilates.com,Melbourne,AUSTRALIA,yoga,yoga studio Melbourne
Yoga Classes Melbourne - KĀYA Health Clubs,dipali@rockagency.com.au,dipali@rockagency.com.au,https://kayahealthclubs.com.au/classes/yoga/,Melbourne,AUSTRALIA,yoga,yoga studio Melbourne
Yoga Studio in Melbourne | Carlton North Yoga Studio | Luna Yoga,info@lunayoga.com.au,info@lunayoga.com.au,https://www.lunayoga.com.au,Melbourne,AUSTRALIA,yoga,yoga studio Melbourne
11 Best Yoga Studios Brisbane 2025 -,info@cultivatecalmyoga.com.au,info@cultivatecalmyoga.com.au; tanya@clayfieldyoga.com.au; namaste@sohoyoga.com.au; practice@ashtangayogacentre.com.au,https://brisbaneinfo.com/yoga-studios-brisbane/,Brisbane,AUSTRALIA,yoga,yoga studio Brisbane
Yoga Everyday Brisbane | Yoga Studio Brisbane,hello@yogaeveryday.com.au,hello@yogaeveryday.com.au,https://yogaeveryday.com.au,Brisbane,AUSTRALIA,yoga,yoga studio Brisbane
Stretch Yoga | Yoga & Pilates in Brisbane,info@stretchyoga.com.au,info@stretchyoga.com.au,https://www.stretchyoga.com.au,Brisbane,AUSTRALIA,yoga,yoga studio Brisbane
Unplugged Yoga | Yoga Studio Ashgrove & Brisbane,jasmine@unpluggedyoga.com.au,jasmine@unpluggedyoga.com.au,https://unpluggedyoga.com.au,Brisbane,AUSTRALIA,yoga,yoga studio Brisbane
Yoga & Pilates Gold Coast | Flolo Studio,hello@flolo.studio,hello@flolo.studio,https://flolo.studio,Gold Coast,AUSTRALIA,yoga,yoga studio Gold Coast
Classes - Gold Coast Yoga Studio,yoga88@goldcoastyogacentre.com,yoga88@goldcoastyogacentre.com; %20%20%20email%20yoga88@goldcoastyogacentre.com,https://goldcoastyogacentre.com/classes/,Gold Coast,AUSTRALIA,yoga,yoga studio Gold Coast
Hot Yoga Southport | Gold Coast Yoga,hello@hotyogasouthport.com.au,hello@hotyogasouthport.com.au,https://hotyogasouthport.com.au,Gold Coast,AUSTRALIA,yoga,yoga studio Gold Coast
Home - Soul Centre - Yoga & Pilates Gold Coast,soul-logo@2x-300x295.jpg,soul-logo@2x-300x295.jpg,https://soulcentre.com.au,Gold Coast,AUSTRALIA,yoga,yoga studio Gold Coast
Best Yoga Studios in Gold Coast | ClassPass,burleighheads@bumphealth.com.au,burleighheads@bumphealth.com.au,https://classpass.com/search/gold-coast/yoga,Gold Coast,AUSTRALIA,yoga,yoga studio Gold Coast
The Studio Perth • Yoga & Pilates Joondalup / Butler / East Victoria Park,joondalup@thestudioperth.com.au,joondalup@thestudioperth.com.au; vicpark@thestudioperth.com.au,https://thestudioperth.com.au,Perth,AUSTRALIA,yoga,yoga studio Perth
"YOGAHUB | Yoga Studio in Perth, Western Australia",hello@yogahubperth.com.au,hello@yogahubperth.com.au,https://yogahubperth.com.au,Perth,AUSTRALIA,yoga,yoga studio Perth
Yoga Perth WA | Classes & Retreats | Energy Cntr Yoga Studio,simone@energycntryoga.com.au,simone@energycntryoga.com.au,https://energycntryoga.com.au,Perth,AUSTRALIA,yoga,yoga studio Perth
Byron Bay Yoga Studio Classes: 6 Byron St,info@byronyoga.com,info@byronyoga.com; studio@byronyoga.com,https://www.byronyoga.com/yoga-classes/,Byron Bay,AUSTRALIA,yoga,yoga studio Byron Bay
Intouch Yoga Byron Bay - Flo Fenton,flo@intouchyogabyronbay.com,flo@intouchyogabyronbay.com,https://intouchyogabyronbay.com,Byron Bay,AUSTRALIA,yoga,yoga studio Byron Bay
Yoga in the Wind,roxane@yogainthewind.com.au,roxane@yogainthewind.com.au; roxythetravelingyogi@gmail.com; user@domain.com,https://yogainthewind.com.au,Byron Bay,AUSTRALIA,yoga,yoga studio Byron Bay
Byron Yoga Centre - Byron Visitor Centre,info@visitbyronbay.comaccounts,info@visitbyronbay.comaccounts; accounts@visitbyronbay.com,https://www.visitbyronbay.com/products/byron-yoga-centre/,Byron Bay,AUSTRALIA,yoga,yoga studio Byron Bay
Bamboo Yoga School Byron Bay,bambooyogaschool@gmail.com,bambooyogaschool@gmail.com; user@domain.com,https://www.bambooyogabyron.com,Byron Bay,AUSTRALIA,yoga,yoga studio Byron Bay
Byron Bay Yoga Classes | Lucy Roberts,info@lucyrobertsyoga.com,98b21aa53d68482b8414e892d9af0e5f@sentry-next.wixpress.com; 271e9fa3230b4eec94b02bf95780f5f2@sentry.wixpress.com; ed436f5053144538958ad06a5005e99a@sentry.wixpress.com; 18d2f96d279149989b95faf0a4b41882@sentry-next.wixpress.com; 2062d0a4929b45348643784b5cb39c36@sentry.wixpress.com,https://www.lucyrobertsyoga.com/byron-bay-yoga-classes,Byron Bay,AUSTRALIA,yoga,yoga studio Byron Bay
Yoga Retreats Byron Bay,info@radianceretreats.com,info@radianceretreats.com,https://radianceretreats.com/byron-yoga-retreats/,Byron Bay,AUSTRALIA,yoga,yoga retreat Byron Bay
Maiala Yoga & Retreat | Home - Maiala Yoga & Retreat,bookings@maiala.com.au,petra@pebblesink.com.au; saara.mistry@maiala.com.au; bookings@maiala.com.au,https://maiala.com.au,Sunshine Coast,AUSTRALIA,yoga,yoga retreat Sunshine Coast
Connect with nature yoga retreat at Sunshine Coast — Sun Bliss Yoga,info@sunblissyoga.com,info@sunblissyoga.com; user@domain.com,https://www.sunblissyoga.com/connect-with-nature-yoga-retreat-sunshine-coast,Sunshine Coast,AUSTRALIA,yoga,yoga retreat Sunshine Coast
Yoga & Wellness Retreat | Yogable,hello@yogablewellbeing.com,98b21aa53d68482b8414e892d9af0e5f@sentry-next.wixpress.com; 271e9fa3230b4eec94b02bf95780f5f2@sentry.wixpress.com; f36cc48fb72b4d298c835f2793cf3b84@sentry-next.wixpress.com; ed436f5053144538958ad06a5005e99a@sentry.wixpress.com; 18d2f96d279149989b95faf0a4b41882@sentry-next.wixpress.com,https://www.yogablewellbeing.com/consiouslyyouretreat,Sunshine Coast,AUSTRALIA,yoga,yoga retreat Sunshine Coast
Yoga Adelaide ~ Yogita Yoga Adelaide Yoga Home Page,info@yogitayoga.com,info@yogitayoga.com,https://yogitayoga.com,Adelaide,AUSTRALIA,yoga,yoga studio Adelaide
Yoga Studio in Adelaide - Exhale Yoga,anapbm@gmail.com,anapbm@gmail.com; team@latofonts.com,https://exhaleyoga.au,Adelaide,AUSTRALIA,yoga,yoga studio Adelaide
"Yoga Spirit Studios - Yoga in Torrensville, Adelaide",info@yogaspirit.com.au,info@yogaspirit.com.au,https://www.yogaspirit.com.au,Adelaide,AUSTRALIA,yoga,yoga studio Adelaide
Come join us at our Adelaide City Studio - Human.Kind,hello@humankindstudios.com.au,hello@humankindstudios.com.au,https://humankindstudios.com.au/move/adelaide-city/,Adelaide,AUSTRALIA,yoga,yoga studio Adelaide
"Yoga Canberra - Classes, Courses, Workshops, Meditation",enquiries@canberrayogaspace.com.au,eli@canberrayogaspace.com.au; enquiries@canberrayogaspace.com.au,https://canberrayogaspace.com.au,Canberra,AUSTRALIA,yoga,yoga studio Canberra
The best yoga studios in Canberra | Region Canberra - Riotact,namaste@balancedyoga.com.au,namaste@balancedyoga.com.au,https://region.com.au/best-yoga-studios-canberra/156463/,Canberra,AUSTRALIA,yoga,yoga studio Canberra
SOULution Yoga & Pilates in Canberra,info@soulutionyoga.com,info@soulutionyoga.com; user@domain.com,https://www.soulutionyoga.com,Canberra,AUSTRALIA,yoga,yoga studio Canberra
Home - Change Yoga & Wellness,info@changeyoga.com.au,info@changeyoga.com.au,https://changeyoga.com.au,Canberra,AUSTRALIA,yoga,yoga studio Canberra
"Your Studio CBR | Your Body, Your Future",enquiries@lucasstudios.com.au,enquiries@lucasstudios.com.au; user@domain.com; mary@yourstudiocbr.com.au; enquiries@yourstudiocbr.com.au,https://www.yourstudiocbr.com.au,Canberra,AUSTRALIA,yoga,yoga studio Canberra
Wellness Center Sydney | Recovery Services,hello@housed.com.au,hello@housed.com.au,https://housed.com.au/services/wellness,Sydney,AUSTRALIA,wellness,wellness centre Sydney
Wellness & Recovery Centre Sydney - RCVRI,hq@rcvri.co,hq@rcvri.co,https://www.rcvri.co/en-au/,Sydney,AUSTRALIA,wellness,wellness centre Sydney
Body WRL - Wellness Recovery Centre Sydney,info@bodywrl.com.au,info@bodywrl.com.au; bodywrl_full_logoartwork_rgb_white@4x.png; hello@bodywrl.com.au; bodywrl_full_logoartwork_rgb_white@2x.png,https://bodywrl.com.au,Sydney,AUSTRALIA,wellness,wellness centre Sydney
Wellness Centre Sydney | Wonderlab,concierge@wonderlab.com.au,concierge@wonderlab.com.au,https://wonderlab.com.au/spa-treatment/,Sydney,AUSTRALIA,wellness,wellness centre Sydney
EQ Melbourne | Nervous System Reset & Immersive Wellbeing,bookings@eq-wellbeing.com,bookings@eq-wellbeing.com; user@domain.com; hello@eq-wellbeing.com,https://eq-wellbeing.com,Melbourne,AUSTRALIA,wellness,wellness centre Melbourne
The Best Wellness Hubs in Melbourne in 2026 - sitchu.com.au,tender-brunswick-@tomross-7.jpg,tender-brunswick-@tomross-7.jpg; tender-brunswick-@tomross-5-225x300.jpg; tender-brunswick-@tomross-6.jpg; tender-brunswick-@tomross-9.jpg; tender-brunswick-@tomross-5-768x1024.jpg,https://sitchu.com.au/melbourne/health-wellness/best-wellness-hubs-melbourne,Melbourne,AUSTRALIA,wellness,wellness centre Melbourne
Holistic Wellness Centre Melbourne | Beauty Spa Melbourne,drzaracelik@amarawellnesscentre.com.au,drzaracelik@amarawellnesscentre.com.au; user@domain.com,https://amarawellnesscentre.com.au,Melbourne,AUSTRALIA,wellness,wellness centre Melbourne
Wellness Centre Melbourne | Float Tank Melbourne,hello@gravityfloat.com.au,hello@gravityfloat.com.au,https://gravityfloat.com.au,Melbourne,AUSTRALIA,wellness,wellness centre Melbourne
Regen Wellness Centre - Recovery & Wellness Treatments in Melbourne,info@regenwellness.com.au,flags@2x.webp; globe@2x.webp; info@regenwellness.com.au,https://regenwellness.com.au,Melbourne,AUSTRALIA,wellness,wellness centre Melbourne
The Wellness Edit: Top Wellness Centres in Brisbane to Visit,info@stylemagazines.com.au,kiri@stylemedia.com.au; digital@stylemagazines.com.au; tracy@stylemedia.com.au; info@stylemagazines.com.au; partnerships@stylemedia.com.au,https://stylemagazines.com.au/lifestyle/brisbane-wellness-centres/,Brisbane,AUSTRALIA,wellness,wellness centre Brisbane
Vikasati Bathhouse | Wellness Centre,favcon-logo@2x-150x150.webp,favcon-logo@2x-150x150.webp; belong@vikasati.com.au; toowoomba@vikasati.com.au; favcon-logo@2x-300x300.webp,https://www.vikasati.com.au,Brisbane,AUSTRALIA,wellness,wellness centre Brisbane
Health & Healing Wellness Centre Brisbane | Natural Health Therapies,info@healthhealingwellness.net.au,info@healthhealingwellness.net.au; example@example.com.au,https://www.healthhealingwellness.net.au,Brisbane,AUSTRALIA,wellness,wellness centre Brisbane
Best Luxury Wellness Spaces In Brisbane | Must Do Brisbane,info@email.com,info@email.com,https://www.mustdobrisbane.com/health-beauty/best-luxury-wellness-spaces-brisbane,Brisbane,AUSTRALIA,wellness,wellness centre Brisbane
Find Your Wellness Centre Brisbane,info@brisbanelivewellclinic.com.au,info@brisbanelivewellclinic.com.au,https://www.brisbanelivewellclinic.com.au/wellness-centre-brisbane/,Brisbane,AUSTRALIA,wellness,wellness centre Brisbane
Löyly Recovery - Perth based wellness centre,hello@loylyrecovery.com.au,hello@loylyrecovery.com.au,https://loylyrecovery.com.au,Perth,AUSTRALIA,wellness,wellness centre Perth
Recovery and Wellness Centre Perth - Recovery Haus,hello@recoveryhaus.com.au,asset-1@4x-1024x259.png; asset-1@4x-768x194.png; asset-1@4x-300x76.png; asset-1@4x.png; hello@recoveryhaus.com.au,https://recoveryhaus.com.au,Perth,AUSTRALIA,wellness,wellness centre Perth
WA Wellness | Your Guide to Wellness in Western Australia,hello@wawellness.com.au,hello@wawellness.com.au; lisa.spencer@destinationwellbeing.com.au,https://wawellness.com.au,Perth,AUSTRALIA,wellness,wellness centre Perth
Sydney's Best Holistic Health and Wellness Centres,jollyswagmanteam@gmail.com,jollyswagmanteam@gmail.com; jollyswagmanteam+feedback@gmail.com,https://jollyswagman.com.au/sydney/health-wellness-sydney/sydneys-best-holistic-health-and-wellness-centres/,Sydney,AUSTRALIA,wellness,holistic wellness centre Sydney
"Kaizen Skin Body Being- holistic wellness centre - Paddington, Sydney",info@kaizenskinbodybeing.com,f36cc48fb72b4d298c835f2793cf3b84@sentry-next.wixpress.com; info@kaizenskinbodybeing.com; 2062d0a4929b45348643784b5cb39c36@sentry.wixpress.com; 88170cb0c9d64f94b5821ca7fd2d55a4@sentry-next.wixpress.com; 1eeb89147c984dc6bc3ffafd9e6cd089@sentry.wixpress.com,https://www.kaizenskinbodybeing.com,Sydney,AUSTRALIA,wellness,holistic wellness centre Sydney
Release Wellness Centre,info@releasewellnesscentre.com,info@releasewellnesscentre.com,https://www.releasewellnesscentre.com,Sydney,AUSTRALIA,wellness,holistic wellness centre Sydney
Sydney's Trusted Ayurveda Clinic Since 2000 | Yatan,info@yatan-ayur.com.au,vaidya@yatan-ayur.com.au; info@yatan-ayur.com.au; email@gmail.com,https://www.yatan-ayur.com.au,Sydney,AUSTRALIA,wellness,holistic wellness centre Sydney
Holistic Mental Health Retreat - Health Retreat Australia,info@healthretreat.com.au,your@email.com; info@healthretreat.com.au,https://thehealthretreat.net.au,Sunshine Coast,AUSTRALIA,wellness,wellness retreat Sunshine Coast
Living Valley Health Retreat Australia | Detox & Wellness,reception@livingvalley.com.au,reception@livingvalley.com.au,https://livingvalley.com.au,Sunshine Coast,AUSTRALIA,wellness,wellness retreat Sunshine Coast
Hinterland Health Retreat | Revolutionary Neuro-Tech and Holistic ...,jackie@hinterlandhealthretreat.com,jackie@hinterlandhealthretreat.com,https://hinterlandhealthretreat.com,Sunshine Coast,AUSTRALIA,wellness,wellness retreat Sunshine Coast
5 of our favourite wellness experiences on the Sunshine Coast,info@visitsunshinecoast.com,events@visitsunshinecoast.com; info@visitsunshinecoast.com; media@visitsunshinecoast.com; businessevents@visitsunshinecoast.com; marketing@visitsunshinecoast.com,https://www.visitsunshinecoast.com/guide/5-of-our-favourite-wellness-experiences-on-the-sunshine-coast,Sunshine Coast,AUSTRALIA,wellness,wellness retreat Sunshine Coast
Sunshine Coast Hinterland Retreat | Alaya Ascend,retreat@alayaascend.com.au,retreat@alayaascend.com.au,https://alayaascend.com.au,Sunshine Coast,AUSTRALIA,wellness,wellness retreat Sunshine Coast
Sound Healing Melbourne | Sound Bath & 1:1 Sessions — Sound of Soma,ange@soundofsoma.com.au,ange@soundofsoma.com.au,https://www.soundofsoma.com.au,Melbourne,AUSTRALIA,wellness,sound healing Melbourne
Sound Healing Sessions Melbourne for Stress Relief (2026),care@blisshealing.com.au,care@blisshealing.com.au,https://blisshealing.com.au/sound-healing-sessions-melbourne/,Melbourne,AUSTRALIA,wellness,sound healing Melbourne
Sound & Energy Healing In Melbourne | Ankh Sound Temple,ankhsoundtemple@gmail.com,ankhsoundtemple@gmail.com,https://ankhsoundtemple.com.au,Melbourne,AUSTRALIA,wellness,sound healing Melbourne
The Breath Haus,hello@thebreathhaus.com.au,leyla@thebreathhaus.com.au; user@domain.com; hello@thebreathhaus.com.au,https://www.thebreathhaus.com.au,Melbourne,AUSTRALIA,breathwork,breathwork classes Melbourne
Breathwork Classes Melbourne - Inner Studio,collingwood@innerstudio.com.au,collingwood@innerstudio.com.au; southyarra@innerstudio.com.au; %20%20collingwood@innerstudio.com.au; %20%20southyarra@innerstudio.com.au,https://innerstudio.com.au/breathwork-classes-melbourne/,Melbourne,AUSTRALIA,breathwork,breathwork classes Melbourne
The Commons Health Club | Breathwork & Meditation Melbourne,healthclub@thecommons.com.au,healthclub@thecommons.com.au,https://www.thecommonshealthclub.com.au/experiences-classes/breathwork-meditation,Melbourne,AUSTRALIA,breathwork,breathwork classes Melbourne
"The Meditating Mumma | Breathwork | Melbourne VIC, Australia",info@themeditatingmumma.com,98b21aa53d68482b8414e892d9af0e5f@sentry-next.wixpress.com; 271e9fa3230b4eec94b02bf95780f5f2@sentry.wixpress.com; f36cc48fb72b4d298c835f2793cf3b84@sentry-next.wixpress.com; ed436f5053144538958ad06a5005e99a@sentry.wixpress.com; 18d2f96d279149989b95faf0a4b41882@sentry-next.wixpress.com,https://www.themeditatingmumma.com,Melbourne,AUSTRALIA,breathwork,breathwork classes Melbourne
Breathwork Session and Training Providers in Melbourne | Victoria,talk2us@traditionalbodywork.com,talk2us@traditionalbodywork.com,https://www.traditionalbodywork.com/breathwork-classes-workshops-and-facilitators-in-melbourne-australia/,Melbourne,AUSTRALIA,breathwork,breathwork classes Melbourne
SUR-UNDER - Byron Bay Daily Breathwork Classes,hello@surunder.com,user@domain.com; hello@surunder.com,https://www.surunder.com,Byron Bay,AUSTRALIA,breathwork,breathwork facilitator Byron Bay
Holotropic Breathwork Byron Gold Coast Australia,ohanaconnections@outlook.com,ohanaconnections@outlook.com; holotropicbreathworkjapan@gmail.com; marthaanncalhoun@gmail.com; user@domain.com; byronholotropicbreathwork@gmail.com,https://www.byronholotropicbreathwork.com.au,Byron Bay,AUSTRALIA,breathwork,breathwork facilitator Byron Bay
breathworkbyron | Discover Breathwork Solutions - Begin Your Healing ...,info@breathworkbali.com,info@breathworkbali.com; connect@yes-and.com.au; user@domain.com,https://www.breathworkbyron.com.au,Byron Bay,AUSTRALIA,breathwork,breathwork facilitator Byron Bay
"Trauma Therapy, EMDR, Trauma-Informed Breathwork & Events Brisbane ...",info@thebreathcollective.com.au,271e9fa3230b4eec94b02bf95780f5f2@sentry.wixpress.com; f36cc48fb72b4d298c835f2793cf3b84@sentry-next.wixpress.com; ed436f5053144538958ad06a5005e99a@sentry.wixpress.com; 18d2f96d279149989b95faf0a4b41882@sentry-next.wixpress.com; 463991d7bca24f02a0baf16f9e6eda73@sentry.wixpress.com,https://www.thebreathcollective.com.au,Brisbane,AUSTRALIA,breathwork,breathwork classes Brisbane
"Restorative Rach, Breathwork & Yoga, Brisbane North | Restorative Rach",restorative.rach1@gmail.com,restorative.rach1@gmail.com,https://www.restorativerach.com,Brisbane,AUSTRALIA,breathwork,breathwork classes Brisbane
Home | Inner Breath | Breath Workshops,justin@innerbreath.com.au,justin@innerbreath.com.au; dd0a55ccb8124b9c9d938e3acf41f8aa@sentry.wixpress.com; c183baa23371454f99f417f6616b724d@sentry.wixpress.com; 605a7baede844d278b89dc95ae0a9123@sentry-next.wixpress.com,https://www.innerbreath.com.au,Brisbane,AUSTRALIA,breathwork,breathwork classes Brisbane
Brisbane Breathwork Classes: Unlocking Wellness Through Breathwork ...,contactbreathedeeply@gmail.com,contactbreathedeeply@gmail.com; 271e9fa3230b4eec94b02bf95780f5f2@sentry.wixpress.com; 78f7996315bc402f9dcb8a2f974b82d1@sentry.wixpress.com; ed436f5053144538958ad06a5005e99a@sentry.wixpress.com; 18d2f96d279149989b95faf0a4b41882@sentry-next.wixpress.com,https://www.breathedeeply.com.au/post/brisbane-breathwork-classes-unlocking-wellness-through-breathwork-techniques,Brisbane,AUSTRALIA,breathwork,breathwork classes Brisbane
Black Cat Breathwork,dean@blackcatbreathwork.com.au,dean@blackcatbreathwork.com.au,https://www.blackcatbreathwork.com.au,Brisbane,AUSTRALIA,breathwork,breathwork classes Brisbane
Phoenix Integrative Health Team - Gold Coast Clinical Psychologists and ...,info@phoenixintegrativehealth.com.au,info@phoenixintegrativehealth.com.au; user@domain.com,https://www.phoenixintegrativehealth.com.au/team,Gold Coast,AUSTRALIA,breathwork,breathwork facilitator Gold Coast
The Breath Sisters |,info@thebreathsisters.com.au,reservations@thewellnesshotel.com.au; thebreathsisters@gmail.com; info@thebreathsisters.com.au,https://thebreathsisters.com.au,Gold Coast,AUSTRALIA,breathwork,breathwork facilitator Gold Coast
Feel Good Events - Feel Good Events,dance@feelgoodevents.com.au,dance@feelgoodevents.com.au,https://www.feelgoodevents.com.au,Melbourne,AUSTRALIA,events,event planner Melbourne
Expert Event Planner Melbourne | La Belle Venues,bookings@labellevenues.au,bookings@labellevenues.au,https://labellevenues.au/event-planner-melbourne/,Melbourne,AUSTRALIA,events,event planner Melbourne
Wedding & Event Planner Melbourne | Event Management by Alex,hello@eventmanagementbyalex.com.au,hello@eventmanagementbyalex.com.au,https://www.eventmanagementbyalex.com.au,Melbourne,AUSTRALIA,events,event planner Melbourne
Party Squad: Premier Event Management Platform in Melbourne,support@reactheme.com,support@reactheme.com,https://mypartysquad.com.au,Melbourne,AUSTRALIA,events,event planner Melbourne
Party Planner Melbourne,info@myperfectparty.com.au,info@myperfectparty.com.au,https://www.myperfectparty.com.au/my-perfect-party-melbourne,Melbourne,AUSTRALIA,events,event planner Melbourne
Event Planning & Styling Melbourne,info@theeventstyler.com.au,info@theeventstyler.com.au,https://theeventstyler.com.au,Melbourne,AUSTRALIA,events,event planner Melbourne
Event Planning Brisbane | Strategic Event Agency,hello@lokeyagency.com.au,hello@lokeyagency.com.au,https://lokeyagency.com.au,Brisbane,AUSTRALIA,events,event planner Brisbane
Event Planning Brisbane | Mask Events,info@maskevents.com.au,ed436f5053144538958ad06a5005e99a@sentry.wixpress.com; 460ff4620fa44cba8df530afde949785@sentry.wixpress.com; 79baaa8e09c746d2b7401643b99792e0@sentry.wixpress.com; c183baa23371454f99f417f6616b724d@sentry.wixpress.com; example@domain.com,https://www.maskevents.com.au/event-planning-brisbane,Brisbane,AUSTRALIA,events,event planner Brisbane
Brisbane Event Planner | Planned It! | Queensland,hello@plannedit.com.au,cd64ba1f47df485bba2b0076c0dd3b25@sentry.wixpress.com; 2062d0a4929b45348643784b5cb39c36@sentry.wixpress.com; hello@plannedit.com.au; 8eb368c655b84e029ed79ad7a5c1718e@sentry.wixpress.com; 9a65e97ebe8141fca0c4fd686f70996b@sentry.wixpress.com,https://www.plannedit.com.au,Brisbane,AUSTRALIA,events,event planner Brisbane
Ethereal Events: Brisbane Wedding & Event Planning,hello@etherealevents.au,dd0a55ccb8124b9c9d938e3acf41f8aa@sentry.wixpress.com; c183baa23371454f99f417f6616b724d@sentry.wixpress.com; hello@etherealevents.au; 8eb368c655b84e029ed79ad7a5c1718e@sentry.wixpress.com; 9a65e97ebe8141fca0c4fd686f70996b@sentry.wixpress.com,https://www.etherealevents.au,Brisbane,AUSTRALIA,events,event planner Brisbane
10 Byron Bay Hidden Wellness Retreats You Must Visit,contact@secretattractions.com,contact@secretattractions.com,https://secretattractions.com/byron-bay-hidden-wellness-retreats,Byron Bay,AUSTRALIA,events,retreat centre Byron Bay
Yoga Retreat Byron Bay - Krishna Village,info@krishnavillage-retreat.com,info@krishnavillage-retreat.com,https://krishnavillage-retreat.com/yoga-retreat-byron-bay-best-wellness-retreat-gold-coast-krishna-village/,Byron Bay,AUSTRALIA,events,retreat centre Byron Bay
Home > Sunshine Coast Retreat,bookings@sunshinecoastretreat.com.au,bookings@sunshinecoastretreat.com.au,https://sunshinecoastretreat.com.au,Sunshine Coast,AUSTRALIA,events,retreat centre Sunshine Coast
Home - Roundhill Retreat | Sunshine Coast Hinterland,hello@roundhillretreat.com,hello@roundhillretreat.com; roundhillretreat@outlook.com,https://roundhillretreat.com,Sunshine Coast,AUSTRALIA,events,retreat centre Sunshine Coast
"Heartwood Events & Retreat Centre - Powell River, Sunshine Coast ...",info@heartwoodevents.ca,info@heartwoodevents.ca; user@domain.com,https://www.heartwoodevents.ca,Sunshine Coast,AUSTRALIA,events,retreat centre Sunshine Coast
"Self Realization Sevalight Centre | Silent Retreats, Sunshine Coast BC",info@sevalightretreatcentre.ca,info@sevalightretreatcentre.ca,https://www.selfrealizationcentrecanada.com,Sunshine Coast,AUSTRALIA,events,retreat centre Sunshine Coast
Ecstatic Dance Sydney Newtown ~ Friday Night Sober Dance Floor - Humanitix,h3wacshryoxfk2nbg2iu@responsive-250.webp,h3wacshryoxfk2nbg2iu@responsive-250.webp; u4ufgi7asnighxylp2ec@responsive-750.webp; u4ufgi7asnighxylp2ec@responsive-900.webp; u4ufgi7asnighxylp2ec@responsive-500.webp; u4ufgi7asnighxylp2ec@responsive-250.webp,https://events.humanitix.com/ecstatic-dance-sydney-h8483bqw,Sydney,AUSTRALIA,events,ecstatic dance Sydney
"Ecstatic Dance Newtown, Sydney - Sober Friday Night",contact@lumaya.co,contact@lumaya.co,https://lumaya.co/events/ecstatic-dance-sydney-newtown-friday-night-sober-dance-floor,Sydney,AUSTRALIA,events,ecstatic dance Sydney
Ecstatic Dance Byron Bay,info@byronbay.dance,info@byronbay.dance,https://ecstaticdance.org/dance/ecstatic-dance-byron-bay/,Byron Bay,AUSTRALIA,events,ecstatic dance Byron Bay
Ecstatic Dance Mullum ~ Friday Dance Temple - Humanitix,00nowvanszcgm5sprgeb@seo-500.jpg,00nowvanszcgm5sprgeb@seo-500.jpg; k9dor28ittgia16gcb2w@seo-500.jpg; k9dor28ittgia16gcb2w@responsive-50.webp; 00nowvanszcgm5sprgeb@responsive-750.webp; 00nowvanszcgm5sprgeb@responsive-1250.webp,https://events.humanitix.com/ecstatic-dance-mullum-friday-dance-temple,Byron Bay,AUSTRALIA,events,ecstatic dance Byron Bay
Full Moon Ecstatic Dance - Byron Bay Experience,info@byronbayexperience.com.au,info@byronbayexperience.com.au,https://byronbayexperience.com.au/whats-on-byron-bay/ecstatic-dance-sober-freestyle-groove/,Byron Bay,AUSTRALIA,events,ecstatic dance Byron Bay
"Ecstatic dance Events and Things to do in Byron Bay, Australia",notforprofit@eventbrite.com.au,notforprofit@eventbrite.com.au; sales@eventbrite.com; ebhelp@eventbrite.com; press@eventbrite.com; installments@eventbrite.com,https://www.eventbrite.com.au/d/australia--byron-bay/ecstatic-dance/,Byron Bay,AUSTRALIA,events,ecstatic dance Byron Bay
21 of the best yoga studios in Dubai - Time Out Dubai,keenan.cunningham@itp.com,keenan.cunningham@itp.com; sally.whittam@itp.com; tim.quick@itp.com; david.wurie@itp.com,https://www.timeoutdubai.com/things-to-do/dubais-best-yoga-studios,Dubai,UAE,yoga,yoga studio Dubai
11 Of The Best Yoga Studios In Dubai - Harper's Bazaar Arabia,charlie.boyd@itp.com,charlie.boyd@itp.com; charlotte.williams@os.itp.com,https://www.harpersbazaararabia.com/beauty/health-fitness/best-yoga-studios-in-dubai,Dubai,UAE,yoga,yoga studio Dubai
Shimis Yoga Center | Private Yoga Classes | Yoga Studio Dubai | Best ...,info@shimis.com,info@shimis.com; iva@shimis.com; kylie@shimis.com; simona@shimis.com,https://www.shimis.com,Dubai,UAE,yoga,yoga studio Dubai
Yoga Dubai | Best Yoga Classes in Dubai | Lifestyle Yoga,info@lifestyleyogaworld.com,info@lifestyleyogaworld.com,https://www.lifestyleyogaworld.com,Dubai,UAE,yoga,yoga studio Dubai
Best Yoga Studio in Dubai |Wellness & Balance | Akasa,info@akasawellness.ae,98b21aa53d68482b8414e892d9af0e5f@sentry-next.wixpress.com; 271e9fa3230b4eec94b02bf95780f5f2@sentry.wixpress.com; bfb679c754744c58a7374ee6e25cfc13@sentry.wixpress.com; ed436f5053144538958ad06a5005e99a@sentry.wixpress.com; 2062d0a4929b45348643784b5cb39c36@sentry.wixpress.com,https://www.akasawellness.ae,Dubai,UAE,yoga,yoga studio Dubai
8 Best Yoga Studios In Dubai For Holistic Health And Rejuvenation,hey@curlytales.com,hey@curlytales.com,https://curlytales.com/best-yoga-studios-in-dubai-for-holistic-health-and-rejuvenation/,Dubai,UAE,yoga,yoga studio Dubai
22 yoga studios in Dubai to stretch your way to serenity,partyinthepark@motivate.ae,partyinthepark@motivate.ae,https://whatson.ae/2024/04/19-yoga-studios-in-dubai-to-stretch-your-way-to-serenity/,Dubai,UAE,yoga,yoga studio Dubai
10 amazing yoga classes in Abu Dhabi 2025 | Time Out Abu Dhabi,mitchell.rowlands@itp.com,mitchell.rowlands@itp.com; sally.whittam@itp.com; keenan.cunningham@itp.com; faisal.twal@itp.com; david.wurie@itp.com,https://www.timeoutabudhabi.com/sports-wellbeings/sport-features/440016-where-to-go-for-yoga-classes-in-abu-dhabi,Abu Dhabi,UAE,yoga,yoga studio Abu Dhabi
Best Yoga Classes In Abu Dhabi,secretabudhabi.ae@gmail.com,secretabudhabi.ae@gmail.com,https://secretabudhabi.ae/best-yoga-classes-in-abu-dhabi/,Abu Dhabi,UAE,yoga,yoga studio Abu Dhabi
Yoga in Abu Dhabi,contact@visitabudhabi.ae,contact@visitabudhabi.ae; u003econtact@visitabudhabi.ae; india@tcaabudhabi.ae; ksa-office@tcaabudhabi.ae; germany@tcaabudhabi.ae,https://visitabudhabi.ae/en/plan-your-trip/article-hub/yoga-in-abudhabi,Abu Dhabi,UAE,yoga,yoga studio Abu Dhabi
Best Yoga & Pilates class in Abu Dhabi - Antara Yoga & Pilates,pilates@antara.com,pilates@antara.com; antarayogaandpilates@gmail.com; yoga@antara.com,https://antarayogapilates.com,Abu Dhabi,UAE,yoga,yoga studio Abu Dhabi
5 Best Yoga Studios In Abu Dhabi (2026) - bestinhood.com,office@bestinhood.com,office@bestinhood.com,https://www.bestinhood.com/abu-dhabi/sports-and-fitness/best-yoga-studios-in-abu-dhabi/,Abu Dhabi,UAE,yoga,yoga studio Abu Dhabi
Check out our ultimate list of yoga classes in Abu Dhabi,yalla@yallauae.ae,yalla@yallauae.ae,https://yallaabudhabi.ae/health-and-wellness/best-yoga-classes-in-abu-dhabi/,Abu Dhabi,UAE,yoga,yoga studio Abu Dhabi
Rayya Wellness Spa | Luxury Wellness Retreat Resort Dubai,ha9q6@accor.com,ha9q6@accor.com; yuga.sawant@rayyawellness.com,https://theretreatpalmdubai.com/rayya-wellness/,Dubai,UAE,yoga,yoga retreat Dubai
Luxury Wellness Retreats in UAE - ZOYA Health & Wellbeing Resort,info@zoyawellbeing.com,info@zoyawellbeing.com,https://zoyawellbeing.com/retreats/,Dubai,UAE,yoga,yoga retreat Dubai
"Top 10 Private Yoga Retreats in Dubai 2025: Wellness, Relaxation ...",contact@fast.news,contact@fast.news,https://vivamena.com/2025/11/27/top-10-private-yoga-retreats-in-dubai-2025-wellness-relaxation-exclusive-experiences/,Dubai,UAE,yoga,yoga retreat Dubai
"Retreats - Best Yoga Classes in Dubai | Trident Wellness Center, UAE",info@tridentwellnessdubai.com,tridentbayside@gmail.com; info@tridentwellnessdubai.com,https://tridentwellnessdubai.com/index.php/retreats/,Dubai,UAE,yoga,yoga retreat Dubai
Hot Yoga Classes in an Infrared-heated Studio at CoreWorx,info@coreworxyoga.ae,info@coreworxyoga.ae,https://coreworx.ae/hot-yoga-dubai/,Dubai,UAE,yoga,hot yoga Dubai
Bay Yoga Center Dubai's Home of Hot Bikram Yoga and Pilates,info@bayyoga.ae,user@domain.com; info@bayyoga.ae,https://bayyoga.me,Dubai,UAE,yoga,hot yoga Dubai
"HOTWORX - Bluewaters, Dubai | Hot Yoga, Pilates & Barre Workouts",studio.uae001@hotworx.net,studio.uae001@hotworx.net; manager.uae001@hotworx.net; kasie@hotworx.net,https://www.hotworx.net/studio/bluewaters-dubai,Dubai,UAE,yoga,hot yoga Dubai
"List of Yoga Centers in Abu Dhabi, UAE - Abudhabi Guide",info@yogaone.ae,info@yogaone.ae; tejomayayoga47@gmail.com; shammisyogalaya@gmail.com; info@opencircleyoga.org; contact@freesoulyoga.ae,https://abudhabiguide.ae/list-of-yoga-centers-in-abu-dhabi-uae/,Abu Dhabi,UAE,yoga,yoga centre Abu Dhabi
Wellness Center Dubai | Holistic Healing Medical Centre,hello@keyaniwellness.com,hello@keyaniwellness.com,https://keyaniwellness.com,Dubai,UAE,wellness,wellness centre Dubai
WOW Wellness Center UAE - Best Holistic Healing & Wellness Retreat,info@wealthofwellness.org,info@wealthofwellness.org,https://wealthofwellness.org,Dubai,UAE,wellness,wellness centre Dubai
Home of Wellness | Healing & Meditation Center in Dubai,info@yourhomeofwellness.com,bcb8c4703eae71d5d05c0a6eec1f7daa.flags@2x.png; info@yourhomeofwellness.com; globe@2x.png,https://yourhomeofwellness.com,Dubai,UAE,wellness,wellness centre Dubai
Irish Wellness Center,support@meddoctors.com,support@meddoctors.com,https://irishwellnesscenter.ae,Abu Dhabi,UAE,wellness,wellness centre Abu Dhabi
Wellness Body Massage & Muscle Therapy | Revive Abu Dhabi,info@reviveabudhabi.com,271e9fa3230b4eec94b02bf95780f5f2@sentry.wixpress.com; example@mysite.com; 78f7996315bc402f9dcb8a2f974b82d1@sentry.wixpress.com; ed436f5053144538958ad06a5005e99a@sentry.wixpress.com; 18d2f96d279149989b95faf0a4b41882@sentry-next.wixpress.com,https://www.reviveabudhabi.com,Abu Dhabi,UAE,wellness,wellness centre Abu Dhabi
One Day Surgery Center Abu Dhabi | Wellness Surgery,appointment@wellness-surgery.ae,appointment@wellness-surgery.ae,https://www.wellnesssurgerycenter.com,Abu Dhabi,UAE,wellness,wellness centre Abu Dhabi
"Authentic Ayurvedic Wellness Center | Ahalia Ayurveda, Abu Dhabi",appointments@ahaliaayurveda.com,appointments@ahaliaayurveda.com,https://ahaliaayurveda.com,Abu Dhabi,UAE,wellness,wellness centre Abu Dhabi
House of Nature Medical Center LLC,reception@honuae.com,reception@honuae.com,https://honuae.com,Abu Dhabi,UAE,wellness,wellness centre Abu Dhabi
The best wellness retreats in Dubai - yonder-society.com,lobby-@benoitlinero.jpg,lobby-@benoitlinero.jpg,https://yonder-society.com/tops/hotels-tops/the-best-wellness-retreats-in-dubai/,Dubai,UAE,wellness,wellness retreat Dubai
Top 7 Luxury Spas in Dubai: The Ultimate Wellness Retreat,contact@engelvoelkers.com,chile@engelvoelkers.com; spain.dp@engelvoelkers.com; luxembourg@engelvoelkers.com; dubai@engelvoelkers.com; lisboa@engelvoelkers.com,https://www.engelvoelkers.com/ae/en/resources/top-luxury-spa-dubai,Dubai,UAE,wellness,wellness retreat Dubai
20 Dubai wellness spaces to help you survive 2026 | FACT Dubai,info@factmagazines.com,info@factmagazines.com; reservations@th8palm.com,https://www.factmagazines.com/uae/dubai/wellness-dubai/dubai-wellness-spaces-to-help-you-survive-the-year,Dubai,UAE,wellness,wellness retreat Dubai
Sound Healing in Dubai | Restore Balance & Inner Peace,healwithsuha@gmail.com,healwithsuha@gmail.com,https://healwithsuha.com/sound-healing-dubai/,Dubai,UAE,wellness,sound healing Dubai
"Sound Healing Dubai | Detox, De-stress and Learn with Sonic Temple",marko@sonictemple.me,marko@sonictemple.me,https://www.sonictemple.me,Dubai,UAE,wellness,sound healing Dubai
8 Best Sound Healing Spots in Dubai - wow-emirates.com,info@wow-emirates.com,info@wow-emirates.com,https://wow-emirates.com/8-best-sound-healing-in-dubai/,Dubai,UAE,wellness,sound healing Dubai
The Healers' Clinic | Holistic Healing & Wellness Clinic Dubai,info@thehealersclinic.com,info@thehealersclinic.com,https://www.thehealersclinic.com,Dubai,UAE,wellness,holistic wellness Dubai
"Holistic Wellness Center in Dubai, UAE | Body Mind You Holistic Wellness",welcome@bmyholisticwellness.com,welcome@bmyholisticwellness.com,https://www.bmyholisticwellness.com,Dubai,UAE,wellness,holistic wellness Dubai
Biohacking in Dubai: Where to Find the Most Advanced Longevity ...,dubaibuzz.xyz@gmail.com,dubaibuzz.xyz@gmail.com,https://dubaibuzz.ae/biohacking-in-dubai-where-to-find-the-most-advanced-longevity-treatments/,Dubai,UAE,wellness,biohacking Dubai
Limitless Human | Biohacking & Human Optimization in Dubai,sophie@limitlesshuman.ae,sophie@limitlesshuman.ae; support@limitlesshuman.ae,https://limitlesshuman.ae,Dubai,UAE,wellness,biohacking Dubai
"Best Biohacking Venues in Dubai - Sauna, Cold Plunge & IV Therapy",support@biohackmaps.com,support@biohackmaps.com; _@astro.cch-xvyz.css; francois@biohackmaps.com,https://biohackmaps.com/cities/dubai/,Dubai,UAE,wellness,biohacking Dubai
Biohacking Wellness Technology in UAE | Biohackn,contact@biohackn.com,contact@biohackn.com; new_biohackn_logo_v2_150x@2x.png; new_biohackn_logo_v2_250x@2x.png,https://biohackn.com,Dubai,UAE,wellness,biohacking Dubai
Hide Clinic - biohacking and rejuvenation clinic in Dubai,example@site.com,example@site.com,https://hideclinic.ae,Dubai,UAE,wellness,biohacking Dubai
Biohacking Dubai | Evidence-Based Biology Optimisation | EVA™,contact@eva.ae,contact@eva.ae,https://eva.ae/biohacking-dubai/,Dubai,UAE,wellness,biohacking Dubai
Biohacking in Dubai — The Complete Guide,hello@premiumgrounding.com,hello@premiumgrounding.com,https://premiumgrounding.com/en-ae/blogs/news/biohacking-dubai-complete-guide,Dubai,UAE,wellness,biohacking Dubai
"Breathwork, 9D breathwork Dubai | 3 Breaths",info@3breaths.com,info@3breaths.com; info@3breaths.co,https://3breaths.co,Dubai,UAE,breathwork,breathwork Dubai
Breathwork Classes & Wellness Retreats in Dubai | Ekabreath,raj@ekabreath.com,raj@ekabreath.com,https://ekabreath.com,Dubai,UAE,breathwork,breathwork Dubai
Vantage Breathwork Dubai,hello@vantagebreathwork.ae,vantagebreathwork@gmail.com; hello@vantagebreathwork.ae,https://www.vantagebreathwork.ae,Dubai,UAE,breathwork,breathwork Dubai
"Wellness Works - Wellness, Breathwork Sessions, Wellness Retreats",info@ndiscovered.com,filler@godaddy.com; info@ndiscovered.com; info@wellnessworksuae.com,https://wellnessworksuae.com,Dubai,UAE,breathwork,breathwork Dubai
House Of Light & Abundance,info@houseoflightandabundance.com,hola@houseoflightandabundance.com; info@houseoflightandabundance.com,https://www.houseoflightandabundance.com/breathwork-dubai.html,Dubai,UAE,breathwork,breathwork facilitator Dubai
"Breathwork Classes in Dubai, UAE | The Chi Room",asset-72@3x-150x150.png,asset-72@3x-150x150.png; asset-72@3x.png; asset-70@3x-150x150.png; stress-relief@3x-768x945.png; stress-relief@3x-832x1024.png,https://thechiroom.ae/breathwork/,Dubai,UAE,breathwork,breathwork facilitator Dubai
Bionic Breathwork,hello@bionicbreathwork.com,user@domain.com; hello@bionicbreathwork.com; bionicbreathwork@gmail.com,https://www.bionicbreathwork.com,Abu Dhabi,UAE,breathwork,breathwork classes Abu Dhabi
"TAVÚ Classes | Reformer, Mat, Yoga, Breathwork",connect@tavustudio.com,connect@tavustudio.com,https://www.tavustudio.com/classes,Abu Dhabi,UAE,breathwork,breathwork classes Abu Dhabi
Zendorphins Breathwork Workshop - The Club,careers@the-club.com,careers@the-club.com; hcreception@the-club.com; membership@the-club.com; reception@the-club.com; dayle.kelly@the-club.com,https://the-club.com/events/zendorphins-breathwork-workshop/,Abu Dhabi,UAE,breathwork,breathwork classes Abu Dhabi
Perfect Party Events - Event Planner Abu Dhabi,info@perfectpartyeventsae.com,info@perfectpartyeventsae.com,https://perfectpartyeventsae.com,Abu Dhabi,UAE,events,event planner Abu Dhabi
Showcraft Events LLC - Event Planner in Abu Dhabi,events@showcraftuae.com,events@showcraftuae.com; sales@showcraftuae.com,https://showcraftuae.com,Abu Dhabi,UAE,events,event planner Abu Dhabi
Dhabix Event Management - Corporate Event Planning in UAE,info@dhabix.com,info@dhabix.com,https://dhabix.com,Abu Dhabi,UAE,events,event planner Abu Dhabi
"Event Planner in Abu Dhabi, UAE | Jannat Events",sales@jannatevents.com,sales@jannatevents.com,https://jannatevents.com/event-planner-abu-dhabi/,Abu Dhabi,UAE,events,event planner Abu Dhabi
Best 10 Event Management Companies in Abu Dhabi | Eventify,hello@eventify.io,hello@eventify.io,https://eventify.io/blog/event-management-companies-in-abu-dhabi,Abu Dhabi,UAE,events,event planner Abu Dhabi
Corporate Event Planner in Dubai - Event Management Company,info@gearupeventsme.com,info@gearupeventsme.com,https://www.gearupeventsme.com/corporate-event-planner,Dubai,UAE,events,corporate event planner Dubai
Corporate Events in Dubai | Corporate Event Management & Planners UAE,events@explorergroup.ae,events@explorergroup.ae,https://explorerevents.ae/corporate-events-in-the-uae/,Dubai,UAE,events,corporate event planner Dubai
Corporate Event Management Dubai | Sky High Events,hi@skyhigh.ae,hi@skyhigh.ae,https://skyhigh.ae,Dubai,UAE,events,corporate event planner Dubai
Corporate Events Planner Dubai | Corporate Party Planner UAE,dreamzeventdubai@gmail.com,dreamzeventdubai@gmail.com,https://events4u.ae/corporate-events-planning/,Dubai,UAE,events,corporate event planner Dubai
Corporate Event Management Company in Dubai - Pangea Events,info@pangea.ae,info@pangea.ae,https://pangea.ae/services/corporate-event-management/,Dubai,UAE,events,corporate event planner Dubai
"Event Organizer Dubai , UAE | Event Management Company in Dubai",info@xpatzhub.ae,info@xpatzhub.ae; %20info@xpatzhub.ae,https://xpatzhub.ae,Dubai,UAE,events,corporate event planner Dubai
Event Planner in Dubai | Luxury Event Company in UAE - Opulent Events,hello@opulentevents.ae,hello@opulentevents.ae,https://opulentevents.ae,Dubai,UAE,events,corporate event planner Dubai
"20 Best Wedding Planners in Dubai - Prices, Info & Reviews",info@wedmegood.com,vendors@wedmegood.com; info@wedmegood.com,https://www.wedmegood.com/vendors/dubai/wedding-planners/,Dubai,UAE,events,wedding planner Dubai
Dubai Wedding Planner - Experience & Events LLC,hello@experiencesandevents.com,hello@experiencesandevents.com,https://dubaiweddingplanner.com,Dubai,UAE,events,wedding planner Dubai
Best Luxury Wedding Planner in Dubai | Jam Wedding Planner,hello@jamweddingplanner.com,271e9fa3230b4eec94b02bf95780f5f2@sentry.wixpress.com; ed436f5053144538958ad06a5005e99a@sentry.wixpress.com; 2062d0a4929b45348643784b5cb39c36@sentry.wixpress.com; 460ff4620fa44cba8df530afde949785@sentry.wixpress.com; 79baaa8e09c746d2b7401643b99792e0@sentry.wixpress.com,https://www.jamweddingplanner.com,Dubai,UAE,events,wedding planner Dubai
Luxury Wedding Planners in Dubai | Rainmaker Events UAE,marketing@rainmakerevents.co.in,marketing@rainmakerevents.co.in,https://rainmakerevents.ae,Dubai,UAE,events,wedding planner Dubai
"Best Wedding Planners in Dubai, UAE",info@vivaah.ae,vendors@vivaah.ae; performers@vivaah.ae; pr@vivaah.ae; info@vivaah.ae; careers@vivaah.ae,https://vivaahweddings.com,Dubai,UAE,events,wedding planner Dubai
"Wedding Champs -Your Online Destination Wedding Planner in Dubai, UAE",hello@weddingchamps.com,hello@weddingchamps.com,https://www.weddingchamps.com,Dubai,UAE,events,wedding planner Dubai
Best Wedding Planners in Dubai | Event Management Company,ikigaiwedding@gmail.com,ikigaiwedding@gmail.com,https://www.ikigaiiplanners.com,Dubai,UAE,events,wedding planner Dubai
7-Night The Retreat Palm Dubai Emotional Wellness Retreat,info@compareretreats.com,info@compareretreats.com,https://www.compareretreats.com/retreat/7-night-the-retreat-palm-dubai-emotional-wellness-retreat,Dubai,UAE,events,retreat centre Dubai
Group Activities In Dubai - Top 10 Activities In Dubai,support@headout.com,support@headout.com,https://dubai-tickets.co,Dubai,UAE,events,team building Dubai
Team Building Activities in Dubai: 15 Creative Ideas for 2026,info@xoticxperiences.com,ask@xoticxperiences.com; info@xoticxperiences.com,https://xoticxperiences.com/team-building-activities-dubai/,Dubai,UAE,events,team building Dubai
Places for Team Building Activities in Dubai: TopGolf & More - Bayut,support@cab-sports.com,support@cab-sports.com,https://www.bayut.com/mybayut/top-places-team-outing-dubai/,Dubai,UAE,events,team building Dubai
21 Team-Building Activities in Dubai: Indoor & Outdoor Ideas,contact@godreamcast.com,contact@godreamcast.com,https://godreamcast.com/blog/solution/in-person-event/team-building-activities-in-dubai/,Dubai,UAE,events,team building Dubai
12 Best Indoor Team Building Activities in Dubai for Employees,info@wearepicasso.com,info@wearepicasso.com,https://wearepicasso.com/indoor-team-building-activities-in-dubai-for-employees/,Dubai,UAE,events,team building Dubai
Yoga and Pilates Classes Toronto | Breathe Yoga Studio,info@breatheyogastudio.com,info@breatheyogastudio.com,https://breatheyogastudio.com,Toronto,CANADA,yoga,yoga studio Toronto
Yoga Studio Toronto - Yoga Kawa,info@yogakawa.com,events@yogakawa.com; info@yogakawa.com; scott@yogakawa.com; example@mail.com,https://www.yogakawa.com/yoga-studio/toronto/,Toronto,CANADA,yoga,yoga studio Toronto
Danforth Yoga Studio | Toronto Yoga Co.,info@torontoyogaco.ca,user@domain.com; info@torontoyogaco.ca,https://www.torontoyogaco.ca,Toronto,CANADA,yoga,yoga studio Toronto
Within Yoga & Sound,withinyogasound@gmail.com,withinyogasound@gmail.com; user@domain.com,https://www.withinyoga.ca,Toronto,CANADA,yoga,yoga studio Toronto
Bay & Dundas - Yoga Tree,ask@yogatree.ca,ask@yogatree.ca,https://www.yogatree.ca/bay-and-dundas/,Toronto,CANADA,yoga,yoga studio Toronto
STRETCH | Yoga Studio in Downtown Chinatown Vancouver,info@stretchvancouver.com,info@stretchvancouver.com,https://www.stretchvancouver.com,Vancouver,CANADA,yoga,yoga studio Vancouver
"The Prana Lounge Vancouver | Yoga Studio for Breath, Movement & Mindfulness",info@thepranalounge.com,info@thepranalounge.com,https://thepranalounge.com,Vancouver,CANADA,yoga,yoga studio Vancouver
Yoga Studio in Vancouver | Fitness Classes in Vancouver | Samadhi Shala,info@samadhishala.com,info@samadhishala.com,https://www.samadhishala.com,Vancouver,CANADA,yoga,yoga studio Vancouver
The best yoga studios in Vancouver,info@anywherevancouver.com,info@anywherevancouver.com,https://anywherevancouver.com/best-yoga-studios-vancouver/,Vancouver,CANADA,yoga,yoga studio Vancouver
"Ashtanga Yoga Montreal | Yoga Classes, Teacher Training, Workshops",info@ashtangamontreal.com,ed436f5053144538958ad06a5005e99a@sentry.wixpress.com; 8c30b2581acc426badc414e8a5dc04ef@sentry.wixpress.com; 460ff4620fa44cba8df530afde949785@sentry.wixpress.com; 79baaa8e09c746d2b7401643b99792e0@sentry.wixpress.com; c183baa23371454f99f417f6616b724d@sentry.wixpress.com,https://www.ashtangamontreal.com,Montreal,CANADA,yoga,yoga studio Montreal
Best Yoga Studios Montreal - Online Yoga Classes - Fyra Yoga,nyc@fyrayoga.com,nyc@fyrayoga.com,https://www.fyrayoga.com/mtl,Montreal,CANADA,yoga,yoga studio Montreal
"Luna Yoga Montreal | Yoga Classes, Jivamukti, Yoga Flo, Teacher Training",info@lunayoga.ca,luna@lunayoga.ca; info@lunayoga.ca; user@domain.com,https://www.lunayoga.ca,Montreal,CANADA,yoga,yoga studio Montreal
Best Yoga Studios in Montreal: Complete 2026 Guide,hello@yogafoundersnetwork.com,hello@yogafoundersnetwork.com,https://yogafoundersnetwork.com/community/best-yoga-studios-montreal-complete-guide,Montreal,CANADA,yoga,yoga studio Montreal
Accueil - Studio Mile End,info@studiomileend.com,studio-@-la-maison-publication-instagram-59-768x768.jpg; studio-@-la-maison-publication-instagram-59.jpg; studio-@-la-maison-publication-instagram-59-300x300.jpg; info@studiomileend.com; studio-@-la-maison-publication-instagram-59-1024x1024.jpg,https://www.studiomileend.com,Montreal,CANADA,yoga,yoga studio Montreal
Yoga Club,utilisateur@domaine.com,utilisateur@domaine.com,https://www.yoga-club.ca,Montreal,CANADA,yoga,yoga studio Montreal
Page d'accueil - Yoga Shak Montréal,info@yogashakmontreal.com,info@yogashakmontreal.com,https://yogashakmontreal.com,Montreal,CANADA,yoga,yoga studio Montreal
Welcome to The Yoga Studio | Yoga & Meditation | All Levels,crowchild@theyogastudiocalgary.com,crowchild@theyogastudiocalgary.com; crowfoot@theyogastudiocalgary.com; south@theyogastudiocalgary.com; dayogastudio01@gmail.com,https://www.theyogastudiocalgary.com,Calgary,CANADA,yoga,yoga studio Calgary
14 Studios for the Best Yoga Classes in Calgary [2026 ],canadasupport@thebestcalgary.com,canadasupport@thebestcalgary.com,https://www.thebestcalgary.com/best-yoga-classes-calgary/,Calgary,CANADA,yoga,yoga studio Calgary
Soul Centre | Non-Heated Yoga Studio in SE Calgary,info@soulhotyoga.com,n@kris10fitness.ca; n@westerncanada.cbe; n@the.menopausetherapist; 78f7996315bc402f9dcb8a2f974b82d1@sentry.wixpress.com; 18d2f96d279149989b95faf0a4b41882@sentry-next.wixpress.com,https://www.soulcentreyyc.com,Calgary,CANADA,yoga,yoga studio Calgary
CIY | House of Yoga,frontdesk@yogayyc.com,frontdesk@yogayyc.com; user@domain.com; deanna@calgaryiyengaryoga.com,https://www.yogayyc.com,Calgary,CANADA,yoga,yoga studio Calgary
Yoga Passage - Calgary's Inner City Yoga Sanctuary,info@yogapassage.ca,user@domain.com; info@yogapassage.ca,https://yogapassage.ca,Calgary,CANADA,yoga,yoga studio Calgary
Home - Beyond Yoga Studio and Wellness Centre,info@beyondyogaottawa.com,info@beyondyogaottawa.com,https://beyondyogaottawa.com,Ottawa,CANADA,yoga,yoga studio Ottawa
The 10 Best Yoga Studios in Ottawa [2025],hello@elevateyoga.ca,hello@elevateyoga.ca; connect@soulspeakyoga.ca; tastangaottawa@yahoo.ca; thello@elevateyoga.ca; astangaottawa@yahoo.ca,https://ottawastories.com/best-yoga-studios-in-ottawa/,Ottawa,CANADA,yoga,yoga studio Ottawa
"Yoga Studios Ottawa: Best Classes, Styles, and Areas",hello@viaottawa.ca,hello@viaottawa.ca,https://viaottawa.ca/yoga-studios-ottawa-guide/,Ottawa,CANADA,yoga,yoga studio Ottawa
"PranaShanti - Ottawa Yoga, Yoga Teacher Training and more",hello@pranashanti.com,hello@pranashanti.com,https://pranashanti.com,Ottawa,CANADA,yoga,yoga studio Ottawa
"Nectar Yoga Retreat Centre on Bowen Island, BC | Wellness & Meditation ...",info@nectaryoga.ca,info@nectaryoga.ca; user@domain.com; hello@nectargoods.ca,https://www.nectaryoga.ca,British Columbia,CANADA,yoga,yoga retreat British Columbia
Yoga & Wellness Retreats in British Columbia - Fresh Adventures,info@freshadventures.com,info@freshadventures.com; user@domain.com; info@freshadventures.ca,https://www.freshadventures.com/summer-tours/yoga-wellness-retreats-british-columbia,British Columbia,CANADA,yoga,yoga retreat British Columbia
"Salt Spring Centre - Retreats, Workshops & Yoga Teacher Training",info@saltspringcentre.com,info@saltspringcentre.com,https://saltspringcentre.com,British Columbia,CANADA,yoga,yoga retreat British Columbia
The Sentinel - Retreat & Wellness Centre,thesentinel_logo_white@2x-640x340.png,thesentinel_logo_white@2x-640x340.png,https://sentinelbc.ca,British Columbia,CANADA,yoga,yoga retreat British Columbia
Iyengar Yoga Centre - Downtown Victoria,iyoga@telus.net,iyoga@telus.net,https://iyengaryogacentre.ca,Victoria BC,CANADA,yoga,yoga studio Victoria BC
Yoga Bar Studio,hello@yogabarvictoria.com,hello@yogabarvictoria.com; user@domain.com,https://www.yogabarvictoria.com,Victoria BC,CANADA,yoga,yoga studio Victoria BC
Yoga Studio Victoria BC | Heated Classes & Luxury Amenities — The Lab ...,hello@labvictoria.ca,hello@labvictoria.ca; user@domain.com,https://www.thelabvictoria.ca/about-our-victoria-yoga-studio,Victoria BC,CANADA,yoga,yoga studio Victoria BC
Victoria's premier hot yoga & reformer pilates studio | Quantum Yoga ...,hello@quantumyogaclub.com,hello@quantumyogaclub.com; user@domain.com,https://www.quantumyogaclub.com,Victoria BC,CANADA,yoga,yoga studio Victoria BC
10+ Must-Visit Wellness Spots in Toronto - Over Here Toronto,hi@overheretoronto.com,hi@overheretoronto.com,https://www.overheretoronto.com/10-must-visit-wellness-spots-in-toronto/,Toronto,CANADA,wellness,wellness centre Toronto
Wellness & Recovery Centre Toronto - RCVRI,john@website.com,john@website.com; toronto@rcvri.co,https://www.rcvri.co/en-ca/,Toronto,CANADA,wellness,wellness centre Toronto
Innate Wellness | Your Trusted Naturopathic Wellness Platform,info@innatewellness.ca,info@innatewellness.ca,https://innatewellness.ca,Toronto,CANADA,wellness,wellness centre Toronto
Trove Wellbeing - Best Wellness Clinic in Toronto,concierge@trovewellbeing.com,concierge@trovewellbeing.com,https://trovewellbeing.com,Toronto,CANADA,wellness,wellness centre Toronto
Rosedale Wellness Centre - Physiotherapy Clinic Downtown Toronto,info@rosedalewellness.com,email@email.com; info@rosedalewellness.com,https://www.rosedalewellness.com,Toronto,CANADA,wellness,wellness centre Toronto
"Yaletown Wellness Center Vancouver, BC | Multidisciplinary Clinic",info@yaletownwellness.com,info@yaletownwellness.com; 18d2f96d279149989b95faf0a4b41882@sentry-next.wixpress.com; 2062d0a4929b45348643784b5cb39c36@sentry.wixpress.com; 1eeb89147c984dc6bc3ffafd9e6cd089@sentry.wixpress.com; 8c30b2581acc426badc414e8a5dc04ef@sentry.wixpress.com,https://www.yaletownwellness.com,Vancouver,CANADA,wellness,wellness centre Vancouver
Evolve Wellness Centre Vancouver,info@evolvevancouver.ca,info@evolvevancouver.ca,https://evolvewellnessvancouver.ca,Vancouver,CANADA,wellness,wellness centre Vancouver
Limelight Wellness Centre - Beauty and Health Clinic in Vancouver,info@limelightwellness.ca,info@limelightwellness.ca,https://limelightwellness.ca,Vancouver,CANADA,wellness,wellness centre Vancouver
Acubalance Wellness Centre | Fertility Acupuncture Vancouver,clinic@acubalance.ca,clinic@acubalance.ca,https://acubalance.ca,Vancouver,CANADA,wellness,wellness centre Vancouver
"Best Wellness Services in Vancouver, BC - Sparsh Wellness Retreat",%20cambie@sparsh.ca,%20cambie@sparsh.ca; cambie@sparsh.ca,https://sparsh.ca,Vancouver,CANADA,wellness,wellness centre Vancouver
Bay Wellness Centre Downtown Vancouver Naturopathic Doctors,info@baywellnesscentre.com,info@baywellnesscentre.com,https://baywellnesscentre.com,Vancouver,CANADA,wellness,wellness centre Vancouver
Mountain Trek Health Reset Retreat | British Columbia,info@mountaintrek.com,cropped-horizontal-white-negative@2x-1-768x227.png; cropped-horizontal-white-negative@2x-1-300x89.png; info@mountaintrek.com; cropped-horizontal-white-negative@2x-1.png; cropped-horizontal-white-negative@2x-1-150x44.png,https://mountaintrek.com,British Columbia,CANADA,wellness,wellness retreat British Columbia
5 Lesser-Known Wellness Retreats in British Columbia,info@vacayou.com,info@vacayou.com,https://vacayou.com/magazine/lesser-known-wellness-retreats-british-columbia/,British Columbia,CANADA,wellness,wellness retreat British Columbia
Echo Valley Ranch & Spa | Wilderness & Wellness Retreat in BC,info@evranch.com,info@evranch.com,https://evranch.com,British Columbia,CANADA,wellness,wellness retreat British Columbia
29+ Best Health & Wellness Retreats in British Columbia 2026,info@ibogasoul.com,info@ibogasoul.com; info@saltspringcentre.com; centreprograms@saltspringcentre.com; info@nectaryoga.ca,https://retreat.guru/be/wellness-retreats/british-columbia,British Columbia,CANADA,wellness,wellness retreat British Columbia
Sparkling Hill Resort & Spa,reservations@sparklinghill.com,reservations@sparklinghill.com,https://www.sparklinghill.com,British Columbia,CANADA,wellness,wellness retreat British Columbia
Get your wellness on at these Montréal spas,info@mtl.org,info@mtl.org,https://www.mtl.org/en/experience/best-spas-montreal,Montreal,CANADA,wellness,wellness centre Montreal
"Willow Wellness Centre | Yoga, Pilates & Massage in Dorval, Montreal",info@centrewillow.com,info@centrewillow.com,https://centrewillow.com,Montreal,CANADA,wellness,wellness centre Montreal
Holistic Wellness Centre | Vivewell | Massage | Reiki | Shiatsu | Sound ...,info@vivewell.ca,f40a036b055640d1bcedf51ca04aa73a@sentry.wixpress.com; 271e9fa3230b4eec94b02bf95780f5f2@sentry.wixpress.com; example@mysite.com; f36cc48fb72b4d298c835f2793cf3b84@sentry-next.wixpress.com; ed436f5053144538958ad06a5005e99a@sentry.wixpress.com,https://www.vivewell.ca,Montreal,CANADA,wellness,wellness centre Montreal
SANCTUARIUM - Wellness Center in Montréal-Nord,info@sanctuarium.ca,ed436f5053144538958ad06a5005e99a@sentry.wixpress.com; 460ff4620fa44cba8df530afde949785@sentry.wixpress.com; 79baaa8e09c746d2b7401643b99792e0@sentry.wixpress.com; c183baa23371454f99f417f6616b724d@sentry.wixpress.com; 271e9fa3230b4eec94b02bf95780f5f2@sentry.wixpress.com,https://www.sanctuarium.ca,Montreal,CANADA,wellness,wellness centre Montreal
"Acacia Holistic Health | Holistic Therapy, Acupuncture & Reiki in Toronto",info@acaciaholistichealth.ca,example@mysite.com; info@acaciaholistichealth.ca; 18d2f96d279149989b95faf0a4b41882@sentry-next.wixpress.com; 5d1795a2db124a268f1e1bd88f503500@sentry.wixpress.com; 605a7baede844d278b89dc95ae0a9123@sentry-next.wixpress.com,https://www.acaciaholistichealth.com,Toronto,CANADA,wellness,holistic wellness Toronto
Heartsbloom: Psychotherapy & Holistic Wellness Toronto,hello@heartsbloom.com,hello@heartsbloom.com,https://heartsbloom.com,Toronto,CANADA,wellness,holistic wellness Toronto
Wellness Clinic Toronto & Naturopathic Medicine | Well BYND,hello@wellbynd.com,271e9fa3230b4eec94b02bf95780f5f2@sentry.wixpress.com; ed436f5053144538958ad06a5005e99a@sentry.wixpress.com; 2062d0a4929b45348643784b5cb39c36@sentry.wixpress.com; 463991d7bca24f02a0baf16f9e6eda73@sentry.wixpress.com; hello@wellbynd.com,https://www.wellbynd.com,Toronto,CANADA,wellness,holistic wellness Toronto
Sound Therapy and Healing | Sacred Realms | Vancouver,contact@sacred-realms.com,98b21aa53d68482b8414e892d9af0e5f@sentry-next.wixpress.com; 271e9fa3230b4eec94b02bf95780f5f2@sentry.wixpress.com; ed436f5053144538958ad06a5005e99a@sentry.wixpress.com; 2062d0a4929b45348643784b5cb39c36@sentry.wixpress.com; contact@sacred-realms.com,https://www.sacred-realms.com,Vancouver,CANADA,wellness,sound healing Vancouver
Sound Healing Vancouver | Solar Soul Circle,info@solarsoulcircle.com,user@domain.com; info@solarsoulcircle.com,https://solarsoulcircle.com,Vancouver,CANADA,wellness,sound healing Vancouver
Saja Light | Sound Healing Vancouver,hello@sajalight.com,user@domain.com; hello@sajalight.com,https://www.sajalight.com,Vancouver,CANADA,wellness,sound healing Vancouver
Sound Alchemy Healing - Vancouver | Erin Routly,info@erinroutly.com,user@domain.com; info@erinroutly.com,https://www.erinroutly.com,Vancouver,CANADA,wellness,sound healing Vancouver
"TORONTO BREATHWORK | Deep Breathing | Toronto, ON, Canada",jeyda@calliopejourney.com,jeyda@calliopejourney.com; hey@calliopejourney.com; user@domain.com; jeyda@torontobreathwork.com,https://www.torontobreathwork.com,Toronto,CANADA,breathwork,breathwork facilitator Toronto
Creating Clarety | Wellness & Leadership,creatingclarety@gmail.com,creatingclarety@gmail.com; user@domain.com,https://www.creatingclarety.com,Toronto,CANADA,breathwork,breathwork facilitator Toronto
Finding Trauma-Informed Breathwork Facilitators in Ottawa and Toronto ...,hello@herosbreath.com,hello@herosbreath.com,https://herosbreath.com/finding-trauma-informed-breathwork-facilitators-in-ottawa-and-toronto-what-every-participant-should-know/,Toronto,CANADA,breathwork,breathwork facilitator Toronto
Breathwork Vancouver - Empower Health,betternow@empowerhealth.ca,betternow@empowerhealth.ca,https://empowerhealth.ca/breathwork-vancouver/,Vancouver,CANADA,breathwork,breathwork classes Vancouver
Breathwork Training Vancouver | Symmetrix Kinesiology,support@symmetrix.ca,support@symmetrix.ca,https://www.symmetrix.ca/breathwork-training-vancouver,Vancouver,CANADA,breathwork,breathwork classes Vancouver
"Laura Di Maio - Breathwork facilitator | Montreal, QC, Canada",info@lauradimaio.com,271e9fa3230b4eec94b02bf95780f5f2@sentry.wixpress.com; info@lauradimaio.com; ed436f5053144538958ad06a5005e99a@sentry.wixpress.com; 2062d0a4929b45348643784b5cb39c36@sentry.wixpress.com; 88170cb0c9d64f94b5821ca7fd2d55a4@sentry-next.wixpress.com,https://www.lauradimaio.com,Montreal,CANADA,breathwork,breathwork facilitator Montreal
The Healing Sisters | Home,info@douladoc.com,info@douladoc.com; info@email.com,https://thehealingsisters.com,Canada,CANADA,breathwork,breathwork retreat Canada
Canada Breathwork Training Retreat | October 2026 | BBTRS®,niten@biodynamicbreath.com,niten@biodynamicbreath.com; giten@biodynamicbreath.com; manuela@biodynamicbreath.com; jennifer@biodynamicbreath.com; nisarga@biodynamicbreath.com,https://biodynamicbreath.com/retreat/training-retreat/bbtrsr-canada-training-retreat,Canada,CANADA,breathwork,breathwork retreat Canada
Canadian Retreat | YOGANISA SPIRIT & WELLNESS CENTRE,info@yoganisacentre.ca,info@yoganisacentre.ca,https://www.yoganisacentre.ca/canadian-retreat,Canada,CANADA,breathwork,breathwork retreat Canada
"Awaken the Senses: Yoga, Breathwork, Manifestation Retreat",hello@wildlywellretreats.com,nicole.moravcik@wetravel.com; u003ehello@wildlywellretreats.com; hello@wildlywellretreats.com; pierre.riglet@wetravel.com; pum.vaandrager@wetravel.com,https://wildlywellretreats.wetravel.com/trips/awaken-the-senses-yoga-breathwork-manifestation-retreat-wildly-well-retreats-99311318,Canada,CANADA,breathwork,breathwork retreat Canada
Top 7 Event Planners in Toronto [2026 ],info@theideahunter.ca,info@theideahunter.ca,https://www.thebesttoronto.com/top-event-planners-toronto/,Toronto,CANADA,events,event planner Toronto
Toronto Event Planner & Wedding Planning Expert,icon_close@2x.png,icon_close@2x.png; icon_lb_next@2x.png; icon_lb_prev@2x.png,https://rebeccachan.ca,Toronto,CANADA,events,event planner Toronto
Corporate Event Planner Toronto - Toronto Event Planner,support@eventplannertoronto.ca,support@eventplannertoronto.ca,https://eventplannertoronto.ca,Toronto,CANADA,events,event planner Toronto
Top 7 Montreal event planners for every celebration [2026 ],support@thebesttoronto.com,support@thebesttoronto.com,https://www.bestinmtl.com/best-event-planners-montreal/,Montreal,CANADA,events,event planner Montreal
Event Planning in Montreal - Eclectic Events,info@eclecticevents.com,info@eclecticevents.com,https://www.eclecticevents.com/montreal,Montreal,CANADA,events,event planner Montreal
Ecstatic Dance Toronto - Meetup,hub@ecstaticdancetoronto.com,hub@ecstaticdancetoronto.com,https://www.meetup.com/ecstatic-dance-toronto/,Toronto,CANADA,events,ecstatic dance Toronto
Ecstatic Dance • Find Yourself Dancing,cleanshot-2020-02-15-at-18.42.26@2x.jpg,cleanshot-2020-02-15-at-18.42.26@2x.jpg,https://ecstaticdance.org,Vancouver,CANADA,events,ecstatic dance Vancouver
The Haven » Home,register@haven.ca,register@haven.ca,https://haven.ca,British Columbia,CANADA,events,retreat centre British Columbia
Rivendell Retreat Centre,booking@rivendellretreat.org,user@domain.com; michael@squarespacewebsites.com; booking@rivendellretreat.org,https://www.rivendellretreat.org,British Columbia,CANADA,events,retreat centre British Columbia
Retreats in British Columbia,rivendell@telus.net,rivendell@telus.net; setonhp@telus.net,https://retreatscanadawest.ca/british-columbia/,British Columbia,CANADA,events,retreat centre British Columbia
Clear Sky Meditation Center - A Space For Inner & Outer Growth,contact@clearskycenter.org,contact@clearskycenter.org,https://www.clearskycenter.org,British Columbia,CANADA,events,retreat centre British Columbia
The 32 Best Yoga Studios in Auckland [2026 ] - topnzreview.com,support@topreviews.co.nz,support@topreviews.co.nz,https://www.topnzreview.com/best-yoga-studios-auckland/,Auckland,NEW_ZEALAND,yoga,yoga studio Auckland
Wellness | Kenkō Studios | Yoga | Pilates | Auckland,cd64ba1f47df485bba2b0076c0dd3b25@sentry.wixpress.com,cd64ba1f47df485bba2b0076c0dd3b25@sentry.wixpress.com; 78f7996315bc402f9dcb8a2f974b82d1@sentry.wixpress.com; 18d2f96d279149989b95faf0a4b41882@sentry-next.wixpress.com; 8c30b2581acc426badc414e8a5dc04ef@sentry.wixpress.com; 5d1795a2db124a268f1e1bd88f503500@sentry.wixpress.com,https://www.kenko.studio,Auckland,NEW_ZEALAND,yoga,yoga studio Auckland
Om Yoga Studio NZ - Om Yoga Studio,info@omyogastudio.co.nz,info@omyogastudio.co.nz,https://omyogastudio.co.nz,Auckland,NEW_ZEALAND,yoga,yoga studio Auckland
Redroom Wellness Studio,charlie@redroom.nz,charlie@redroom.nz; dominique@redroom.nz; takapuna@redroom.nz,https://www.redroom.nz,Auckland,NEW_ZEALAND,yoga,yoga studio Auckland
AWHI Yoga & Wellbeing — Wellington,kiaora@awhiyoga.co.nz,kiaora@awhiyoga.co.nz,https://awhiyoga.co.nz,Wellington,NEW_ZEALAND,yoga,yoga studio Wellington
Space Studio - Yoga Classes Wellington - Inspiring Yoga & Mindfulness ...,info@spaceyoga.co.nz,info@spaceyoga.co.nz; info@spaceyoga.nz,https://spaceyoga.nz,Wellington,NEW_ZEALAND,yoga,yoga studio Wellington
"Top Wellington Hot Yoga Studio, Zoia Yoga and Wellness Studio - 5 Star ...",info@zoiayoga.com,jhaleh@zoiayoga.com; info@zoiayoga.com,https://zoiayoga.com,Wellington,NEW_ZEALAND,yoga,yoga studio Wellington
Welcome | Yoga for the People - Yoga for every BODY,wgtn@yogaforthepeople.co.nz,wgtn@yogaforthepeople.co.nz,https://yogaforthepeople.co.nz,Wellington,NEW_ZEALAND,yoga,yoga studio Wellington
Astanga Yoga Studio Wellington | Te Aro Astanga Yoga,info@astanga.co.nz,info@astanga.co.nz,https://www.astanga.co.nz,Wellington,NEW_ZEALAND,yoga,yoga studio Wellington
"Queenstown Yoga Studio Sangha | Queenstown, NZ",info@queenstownyoga.com,user@domain.com; info@queenstownyoga.com,https://www.queenstownyoga.com,Queenstown,NEW_ZEALAND,yoga,yoga studio Queenstown
Daily yoga classes in-studio and online - Nadi Queenstown,asset-1@3x.png,asset-1@3x.png,https://nadiwellness.co.nz/yoga-queenstown-nadi-wellness,Queenstown,NEW_ZEALAND,yoga,yoga studio Queenstown
Yoga Studio - Sherwood Queenstown,contactus@priorityguestrewards.com.au,contactus@priorityguestrewards.com.au,https://www.sherwoodqueenstown.nz/venues/yoga_studio/,Queenstown,NEW_ZEALAND,yoga,yoga studio Queenstown
Yoga classes | Queenstown NZ | Rachel Land Yoga,rachel@rachelland.yoga,rachel@rachelland.yoga; dd0a55ccb8124b9c9d938e3acf41f8aa@sentry.wixpress.com; c183baa23371454f99f417f6616b724d@sentry.wixpress.com; 605a7baede844d278b89dc95ae0a9123@sentry-next.wixpress.com,https://www.rachelland.yoga/classbookings,Queenstown,NEW_ZEALAND,yoga,yoga studio Queenstown
Retreats NZ | Meditation and yoga retreats NZ,susan@retreats.nz,susan@retreats.nz,https://retreats.nz,New Zealand,NEW_ZEALAND,yoga,yoga retreat New Zealand
Aro Ha Wellness Retreat | Adventures in Wellbeing,retreat@aro-ha.com,retreat@aro-ha.com,https://www.aro-ha.com,New Zealand,NEW_ZEALAND,yoga,yoga retreat New Zealand
Anahata Yoga Retreat,yoga@anahata-retreat.org.nz,yoga@anahata-retreat.org.nz,https://www.anahata-retreat.org.nz,New Zealand,NEW_ZEALAND,yoga,yoga retreat New Zealand
Flow Yoga & Wellbeing | Hot & Ambient Yoga Classes Chch,yoga@flowwellbeing.co.nz,yoga@flowwellbeing.co.nz; mymail@mailservice.com,https://www.flowwellbeing.co.nz,Christchurch,NEW_ZEALAND,yoga,yoga studio Christchurch
"Welcome to Kula Studio | Movement, Connection + Community",hello@kulastudionz.com,hello@kulastudionz.com; user@domain.com; info@kulastudionz.co.nz,https://www.kulastudio.co.nz,Christchurch,NEW_ZEALAND,yoga,yoga studio Christchurch
Auckland Wellness Centre,info@aucklandwellness.co.nz,info@aucklandwellness.co.nz,https://aucklandwellness.co.nz,Auckland,NEW_ZEALAND,wellness,wellness centre Auckland
Renew Wellness Place - Wellness & Recovery in Auckland,info@renewwellnessplace.com,info@renewwellnessplace.com,https://www.renewwellnessplace.com,Auckland,NEW_ZEALAND,wellness,wellness centre Auckland
"Chill Wellness Auckland | Cryotherapy, Red Light & Recovery Studio",hello@chillwellness.co.nz,hello@chillwellness.co.nz,https://www.chillwellness.co.nz,Auckland,NEW_ZEALAND,wellness,wellness centre Auckland
Professional Event Planning Services in Wellington - PartyCloud Limited,partycloudnz@gmail.com,partycloudnz@gmail.com,https://partycloud.co.nz/services/,Wellington,NEW_ZEALAND,events,event planner Wellington
Your French Host | Event Planner & Management Wellington NZ,yourfrenchhost@gmail.com,yourfrenchhost@gmail.com,https://www.yourfrenchhost.co.nz,Wellington,NEW_ZEALAND,events,event planner Wellington
"3333 Events, NZ, DJ, Wellington Event, Auckland, Event Management ...",info@3333event.com,info@3333event.com,https://3333event.com,Wellington,NEW_ZEALAND,events,event planner Wellington
Welly Fun | Welly Fun | Events and Team Building Wellington,accounts@ambitious.co.nz,accounts@ambitious.co.nz,https://www.wellyfun.co.nz,Wellington,NEW_ZEALAND,events,event planner Wellington
Welcome! The Wangapeka Study and Meditation Retreat Centre in New Zealand,info@wangapeka.org,info@wangapeka.org,https://wangapeka.org,New Zealand,NEW_ZEALAND,events,retreat centre New Zealand
"FIND A RETREAT CENTRE - Spiritual Growth Ministries Aotearoa, New Zealand",info@titoki.org.nz,info@titoki.org.nz; enquiry@sistereretreat.com; krimaawa@gmail.com; helen.tripp@xtra.co.nz; glen@soulcareprayer.org,https://www.sgm.org.nz/find-a-retreat-centre,New Zealand,NEW_ZEALAND,events,retreat centre New Zealand
Tauhara Conference & Retreat Centre - Accommodation and Meeting Spaces ...,tauhara@tauharacentre.org.nz,tauhara@tauharacentre.org.nz,https://tauharacentre.org.nz,New Zealand,NEW_ZEALAND,events,retreat centre New Zealand
